시설물관리코드,설비코드명,설비명,사업소 등록 명칭,설치일자,설치위치,내구연한,규격,점검주기,수량,시설물관리코드-1,설치 내구,설치연도,설치내구,담당자,관리부서,시설명,등록날짜,특이사항,시설-설비,시설코드1,시설코드 (1),시설코드2,설비코드1,설비코드2,위치코드,일련번호,Status,"등록자 ",제목 없는 데이터베이스
,미분류설비,,,,,,,,,,,,,,,,,,,,,,,,,,시작 전,,
,미분류설비,,,,,,,,,,,,,,,,,,,,,,,,,,시작 전,,
SC01BO04B1011011,열원설비,전기보일러,축열식전기보일러,2010년 1월 1일,전기실,11,25kw,수시,1,SC01BO04B1011011,1011,10,1011,지영 조,국민체육센터팀,국민체육센터,,0,국민체육센터 열원설비,SC,SC01,01,BO,04,B1,01,시작 전,,
SC01BO09B1010210,열원설비,열교환기,유아풀열교환기,2002년 12월 1일,기계실,10,0,수시,1,SC01BO09B1010210,0210,02,0210,"78kokoro@naver.com, 지영 조, uuc_7327@uuc.or.kr, uuc_7321@uuc.or.kr",국민체육센터팀,국민체육센터,,0,국민체육센터 열원설비,SC,SC01,01,BO,09,B1,01,시작 전,,
SC01BO09B1020210,열원설비,열교환기,급탕용열교환기,2002년 12월 1일,기계실,10,0,수시,1,SC01BO09B1020210,0210,02,0210,uuc_7321@uuc.or.kr,국민체육센터팀,국민체육센터,,0,국민체육센터 열원설비,SC,SC01,01,BO,09,B1,02,시작 전,,
SC01BO09B1012320,열원설비,열교환기,성인풀열교환기,2023년 2월 7일,기계실,20,"400,000kcal/h",수시,1,SC01BO09B1012320,2320,23,2320,78kokoro@naver.com,국민체육센터팀,국민체육센터,,0,국민체육센터 열원설비,SC,SC01,01,BO,09,B1,01,시작 전,,
SC01BO11B1010210,열원설비,응축수탱크,응축수탱크,2002년 12월 2일,기계실,10,1.5ton,수시,1,SC01BO11B1010210,0210,02,0210,,국민체육센터팀,국민체육센터,,0,국민체육센터 열원설비,SC,SC01,01,BO,11,B1,01,시작 전,,
SC01BO12B1010210,열원설비,급탕용탱크,급탕탱크,2002년 12월 2일,기계실,10,1900*2000,수시,1,SC01BO12B1010210,0210,02,0210,,국민체육센터팀,국민체육센터,,0,국민체육센터 열원설비,SC,SC01,01,BO,12,B1,01,시작 전,,
SC01BO15B1011910,열원설비,부스터펌프,보일러급수펌프,2019년 8월 1일,기계실,10,0,월,4,SC01BO15B1011910,1910,19,1910,,국민체육센터팀,국민체육센터,,0,국민체육센터 열원설비,SC,SC01,01,BO,15,B1,01,시작 전,,
SC01BO15B1020210,열원설비,부스터펌프,난방순환펌프,2002년 12월 2일,기계실,10,1.5kw,분기,2,SC01BO15B1020210,0210,02,0210,,국민체육센터팀,국민체육센터,,0,국민체육센터 열원설비,SC,SC01,01,BO,15,B1,02,시작 전,,
SC01BO16B1010210,열원설비,증기헤더,증기헤더,2002년 12월 2일,기계실,10,300*3250,수시,1,SC01BO16B1010210,0210,02,0210,,국민체육센터팀,국민체육센터,,0,국민체육센터 열원설비,SC,SC01,01,BO,16,B1,01,시작 전,,
SC01BO16B1020210,열원설비,증기헤더,증기헤더(소),2002년 12월 2일,기계실,10,100*1800,수시,1,SC01BO16B1020210,0210,02,0210,,국민체육센터팀,국민체육센터,,0,국민체육센터 열원설비,SC,SC01,01,BO,16,B1,02,시작 전,,
SC01BO17B1010210,열원설비,냉온수 공급헤더,냉온수공급헤더,2002년 12월 2일,기계실,10,250*3200,수시,1,SC01BO17B1010210,0210,02,0210,,국민체육센터팀,국민체육센터,,0,국민체육센터 열원설비,SC,SC01,01,BO,17,B1,01,시작 전,,
SC01BO18B1010210,열원설비,냉온수 환수헤더,냉온수환수헤더,2002년 12월 2일,기계실,10,0,수시,1,SC01BO18B1010210,0210,02,0210,,국민체육센터팀,국민체육센터,,0,국민체육센터 열원설비,SC,SC01,01,BO,18,B1,01,시작 전,,
SC01CS021F011009,공조설비,공기조화기,환기조화기,2010년 1월 1일,수영장공조실,09,"19,000CMH",수시,1,SC01CS021F011009,1009,10,1009,,국민체육센터팀,국민체육센터,,0,국민체육센터 공조설비,SC,SC01,01,CS,02,1F,01,시작 전,,
SC01CS06B1010208,공조설비,급기팬(환기용),기계실 급기팬,2002년 12월 5일,기계실,08,6700CMH,월,2,SC01CS06B1010208,0208,02,0208,,국민체육센터팀,국민체육센터,,청사 방역,국민체육센터 공조설비,SC,SC01,01,CS,06,B1,01,시작 전,,
SC01CS06B1020208,공조설비,급기팬(환기용),전기실 급기팬,2002년 12월 3일,전기실,08,4500CMH,월,1,SC01CS06B1020208,0208,02,0208,,국민체육센터팀,국민체육센터,,0,국민체육센터 공조설비,SC,SC01,01,CS,06,B1,02,시작 전,,
SC01CS07B1010208,공조설비,배기팬(환기용),기계실 배기팬,2002년 12월 2일,기계실,08,0,월,2,SC01CS07B1010208,0208,02,0208,,국민체육센터팀,국민체육센터,,0,국민체육센터 공조설비,SC,SC01,01,CS,07,B1,01,시작 전,,
SC01CS073F020208,공조설비,배기팬(환기용),화장실 배기팬,2002년 9월 5일,3층공조실,08,0,월,1,SC01CS073F020208,0208,02,0208,,국민체육센터팀,국민체육센터,,0,국민체육센터 공조설비,SC,SC01,01,CS,07,3F,02,시작 전,,
SC01CS074F030208,공조설비,배기팬(환기용),엘리베이터배기팬,2002년 12월 3일,4층엘리베이터실,08,300CMH,월,1,SC01CS074F030208,0208,02,0208,,국민체육센터팀,국민체육센터,,0,국민체육센터 공조설비,SC,SC01,01,CS,07,4F,03,시작 전,,
SC01CS10B1010210,공조설비,순환펌프,냉각수순환펌프,2002년 12월 5일,기계실,10,7.5kw,분기,2,SC01CS10B1010210,0210,02,0210,,국민체육센터팀,국민체육센터,,0,국민체육센터 공조설비,SC,SC01,01,CS,10,B1,01,시작 전,,
SC01CS10B1020210,공조설비,순환펌프,냉온수순환펌프1,2002년 12월 2일,기계실,10,5.5kw,분기,1,SC01CS10B1020210,0210,02,0210,,국민체육센터팀,국민체육센터,,0,국민체육센터 공조설비,SC,SC01,01,CS,10,B1,02,시작 전,,
SC01CS10B1030210,공조설비,순환펌프,냉온수순환펌프2,2002년 12월 2일,기계실,10,11kw,분기,1,SC01CS10B1030210,0210,02,0210,,국민체육센터팀,국민체육센터,,0,국민체육센터 공조설비,SC,SC01,01,CS,10,B1,03,시작 전,,
SC01CS113F010210,공조설비,공조설비(기타),공조설비(3층),2002년 12월 15일,국민체육센터,10,0,수시,1,SC01CS113F010210,0210,02,0210,,국민체육센터팀,국민체육센터,,0,국민체육센터 공조설비,SC,SC01,01,CS,11,3F,01,시작 전,,
SC01CS11B1020210,공조설비,공조설비(기타),냉난방설비,2002년 12월 15일,국민체육센터,10,0,수시,18,SC01CS11B1020210,0210,02,0210,,국민체육센터팀,국민체육센터,,0,국민체육센터 공조설비,SC,SC01,01,CS,11,B1,02,시작 전,,
SC01EL01B1011020,전기설비,수변전설비,비상발전기,2010년 1월 1일,발전기실,20,144kva,수시,1,SC01EL01B1011020,1020,10,1020,,국민체육센터팀,국민체육센터,,0,국민체육센터 전기설비,SC,SC01,01,EL,01,B1,01,시작 전,,
SC01EL02B1010210,전기설비,발전기,수변전설비,2002년 12월 2일,전기실,10,500kw,수시,1,SC01EL02B1010210,0210,02,0210,,국민체육센터팀,국민체육센터,,0,국민체육센터 전기설비,SC,SC01,01,EL,02,B1,01,시작 전,,
SC01EL03B1010210,전기설비,전기차설비,전기설비,2002년 12월 15일,국민체육센터,10,0,수시,1,SC01EL03B1010210,0210,02,0210,,국민체육센터팀,국민체육센터,,0,국민체육센터 전기설비,SC,SC01,01,EL,03,B1,01,시작 전,,
SC01EV011F010210,승강설비,승강기,승강기,2002년 12월 2일,1-3층,10,장애인용,월,1,SC01EV011F010210,0210,02,0210,,국민체육센터팀,국민체육센터,,0,국민체육센터 승강설비,SC,SC01,01,EV,01,1F,01,시작 전,,
SC01GA01B1011910,가스설비,흡수식냉온수기,흡수식냉온수기1,2019년 4월 1일,기계실,10,100RT,수시,1,SC01GA01B1011910,1910,19,1910,,국민체육센터팀,국민체육센터,,0,국민체육센터 가스설비,SC,SC01,01,GA,01,B1,01,시작 전,,
SC01GA01B1021910,가스설비,흡수식냉온수기,흡수식냉온수기2,2019년 7월 1일,기계실,10,70RT,수시,1,SC01GA01B1021910,1910,19,1910,,국민체육센터팀,국민체육센터,,0,국민체육센터 가스설비,SC,SC01,01,GA,01,B1,02,시작 전,,
SC01GA02OO010212,가스설비,정압기,정압기,2002년 12월 2일,1층외부,12,0,수시,1,SC01GA02OO010212,0212,02,0212,,국민체육센터팀,국민체육센터,,특정도시가스,국민체육센터 가스설비,SC,SC01,01,GA,02,OO,01,시작 전,,
SC01PA01OU012210,미분류설비,미등록설비,주차관제시스템,2022년 12월 27일,1층외곽,10,0,수시,1,SC01PA01OU012210,2210,22,2210,,국민체육센터팀,국민체육센터,,통합관제시스템 야간 주차시설팀 운영(22:00~06:00),국민체육센터 미분류설비,SC,SC01,01,PA,01,OU,01,시작 전,,
SC01SF01B1010010,소화설비,,소방펌프,,지하1층,10,45/5.5kw,수시,2,,0010,,,,국민체육센터팀,,,0,,SC,SC01,01,SF,01,B1,01,시작 전,,
SC01SF01B1020210,소화설비,소화펌프,소화전펌프,2002년 12월 2일,기계실,10,15HP/11kw,월,1,SC01SF01B1020210,0210,02,0210,,국민체육센터팀,국민체육센터,,0,국민체육센터 소화설비,SC,SC01,01,SF,01,B1,02,시작 전,,
SC01SF02B1010910,소화설비,소방엔진펌프,소방엔진펌프,2009년 2월 2일,기계실,10,0,월,2,SC01SF02B1010910,0910,09,0910,,국민체육센터팀,국민체육센터,,0,국민체육센터 소화설비,SC,SC01,01,SF,02,B1,01,시작 전,,
SC01SF031F010210,소화설비,옥내소화전,소화전,2002년 12월 1일,청사내부,10,0,월,11,SC01SF031F010210,0210,02,0210,,국민체육센터팀,국민체육센터,,0,국민체육센터 소화설비,SC,SC01,01,SF,03,1F,01,시작 전,,
SC01SF051F011510,소화설비,소화기,소화기,2015년 1월 1일,청사내부,10,3.3kg,월,37,SC01SF051F011510,1510,15,1510,,국민체육센터팀,국민체육센터,,0,국민체육센터 소화설비,SC,SC01,01,SF,05,1F,01,시작 전,,
SC01SF08B1011010,소화설비,스프링클러 보조펌프,스프리클러보조펌프,2010년 1월 1일,기계실,10,3.7kw,수시,1,SC01SF08B1011010,1010,10,1010,,국민체육센터팀,국민체육센터,,0,국민체육센터 소화설비,SC,SC01,01,SF,08,B1,01,시작 전,,
SC01SF131F011810,소화설비,화재수신기,수신기,2018년 12월 1일,1층 강사실,10,0,월,2,SC01SF131F011810,1810,18,1810,,국민체육센터팀,국민체육센터,,소방점검 종합정밀점검 12월 예정,국민체육센터 소화설비,SC,SC01,01,SF,13,1F,01,시작 전,,
SC01SF151F010210,소화설비,발신기,발신기,2002년 12월 1일,청사 내부,10,0,월,0,SC01SF151F010210,0210,02,0210,,국민체육센터팀,국민체육센터,,0,국민체육센터 소화설비,SC,SC01,01,SF,15,1F,01,시작 전,,
SC01SF181F010210,소화설비,비상방송설비,비상방송설비,2002년 12월 1일,1층 강사실,10,0,월,1,SC01SF181F010210,0210,02,0210,,국민체육센터팀,국민체육센터,,0,국민체육센터 소화설비,SC,SC01,01,SF,18,1F,01,시작 전,,
SC01SF261F010225,소화설비,연결송수구,송수구,2002년 12월 1일,1층 출입구,25,쌍구형,월,1,SC01SF261F010225,0225,02,0225,,국민체육센터팀,국민체육센터,,0,국민체육센터 소화설비,SC,SC01,01,SF,26,1F,01,시작 전,,
SC01SF271F010210,소화설비,소방설비(기타),소방설비,2002년 12월 15일,국민체육센터,10,0,수시,1,SC01SF271F010210,0210,02,0210,,국민체육센터팀,국민체육센터,,0,국민체육센터 소화설비,SC,SC01,01,SF,27,1F,01,시작 전,,
SC01SW01B1002410,수영장설비,수영장 순환펌프,수영장순환펌프,2024년 6월 27일,기계실,10,입형다단펌프,수시,2,SC01SW01B1002410,2410,24,2410,,국민체육센터팀,국민체육센터,,0,국민체육센터 수영장설비,SC,SC01,01,SW,01,B1,00,시작 전,,
SC01SW03B1011011,수영장설비,발란싱탱크,밸런싱탱크,2010년 1월 1일,기계실,11,37.5ton,수시,1,SC01SW03B1011011,1011,10,1011,,국민체육센터팀,국민체육센터,,수영장수질검사,국민체육센터 수영장설비,SC,SC01,01,SW,03,B1,01,시작 전,,
SC01SW04B1010210,수영장설비,오존반응탱크,오존반응탱크,2002년 12월 2일,기계실,10,2000*2420,분기,1,SC01SW04B1010210,0210,02,0210,,국민체육센터팀,국민체육센터,,0,국민체육센터 수영장설비,SC,SC01,01,SW,04,B1,01,시작 전,,
SC01SW06B1010210,수영장설비,집모기,수영장집모기,2002년 12월 2일,기계실,10,129.5m3/h,분기,2,SC01SW06B1010210,0210,02,0210,,국민체육센터팀,국민체육센터,,0,국민체육센터 수영장설비,SC,SC01,01,SW,06,B1,01,시작 전,,
SC01SW07B1012415,수영장설비,,수중청소기,,지하1층,15,0,수시,2,,2415,,,,국민체육센터팀,,,0,,SC,SC01,01,SW,07,B1,01,시작 전,,
SC01SW101F010200,수영장설비,수영장설비(기타),수영장 및 부속시설,2002년 12월 15일,수영장,00,0,수시,1,SC01SW101F010200,0200,02,0200,,국민체육센터팀,국민체육센터,,0,국민체육센터 수영장설비,SC,SC01,01,SW,10,1F,01,시작 전,,
SC01WA02B1010220,저수조설비,저수조설비,지하저수조,2002년 12월 2일,기계실,20,200ton,분기,1,SC01WA02B1010220,0220,02,0220,,국민체육센터팀,국민체육센터,,0,국민체육센터 저수조설비,SC,SC01,01,WA,02,B1,01,시작 전,,
SC01WA03B1010210,저수조설비,팽창탱크,팽창탱크,2002년 12월 2일,기계실,10,800L,분기,1,SC01WA03B1010210,0210,02,0210,,국민체육센터팀,국민체육센터,,0,국민체육센터 저수조설비,SC,SC01,01,WA,03,B1,01,시작 전,,
SC01WA05B1010210,저수조설비,미등록설비,시수양수펌프,2002년 12월 2일,기계실,10,5.5HP*3,월,3,SC01WA05B1010210,0210,02,0210,,국민체육센터팀,국민체육센터,,0,국민체육센터 저수조설비,SC,SC01,01,WA,05,B1,01,시작 전,,
SC01WA054F010220,저수조설비,미등록설비,고가수조,2002년 12월 2일,4층고가수조실,20,0,분기,1,SC01WA054F010220,0220,02,0220,,국민체육센터팀,국민체육센터,,0,국민체육센터 저수조설비,SC,SC01,01,WA,05,4F,01,시작 전,,
SC01WT01B1011910,수처리설비,자동경수연화장치,자동경수연화장치,2019년 8월 2일,기계실,10,5m3/h,수시,1,SC01WT01B1011910,1910,19,1910,,국민체육센터팀,국민체육센터,,0,국민체육센터 수처리설비,SC,SC01,01,WT,01,B1,01,시작 전,,
SC01WT02B1010010,수처리설비,,수처리장비,,지하1층,10,0,수시,1,,0010,,,,국민체육센터팀,,,0,,SC,SC01,01,WT,02,B1,01,시작 전,,
SC01WT03B1012303,수처리설비,,염소제투입펌프,,기계실,03,360cc/min,수시,2,,2303,,,,국민체육센터팀,,,0,,SC,SC01,01,WT,03,B1,01,시작 전,,
SC01WT04B1010210,수처리설비,활성탄여과기,활성탄여과기,2002년 12월 2일,기계실,10,2350*2520,수시,1,SC01WT04B1010210,0210,02,0210,,국민체육센터팀,국민체육센터,,0,국민체육센터 수처리설비,SC,SC01,01,WT,04,B1,01,시작 전,,
SC01WT05B1012303,수처리설비,,응집제투입펌프,,기계실,03,360cc/m,월,1,,2303,,,,국민체육센터팀,,,0,,SC,SC01,01,WT,05,B1,01,시작 전,,
SC01WT07B1011010,수처리설비,배수펌프,기계실 배수펌프,2010년 1월 1일,기계실,10,0,수시,2,SC01WT07B1011010,1010,10,1010,,국민체육센터팀,국민체육센터,,0,국민체육센터 수처리설비,SC,SC01,01,WT,07,B1,01,시작 전,,
SC02BC01B2011710,방송설비,CCTV,CCTV,2017년 4월 12일,B2,10,돔IP형 3.8mm,월,68,SC02BC01B2011710,1710,17,1710,,부곡스포츠센터팀,부곡스포츠센터,,0,부곡스포츠센터 방송설비,SC,SC02,02,BC,01,B2,01,시작 전,,
SC02BC01B1011710,방송설비,CCTV,CCTV,2017년 4월 12일,B1,10,돔IP형 3.8mm,월,68,SC02BC01B1011710,1710,17,1710,,부곡스포츠센터팀,부곡스포츠센터,,0,부곡스포츠센터 방송설비,SC,SC02,02,BC,01,B1,01,시작 전,,
SC02BC011F011710,방송설비,CCTV,CCTV,2017년 4월 12일,1F,10,돔IP형 3.8mm,월,68,SC02BC011F011710,1710,17,1710,,부곡스포츠센터팀,부곡스포츠센터,,0,부곡스포츠센터 방송설비,SC,SC02,02,BC,01,1F,01,시작 전,,
SC02BC012F011710,방송설비,CCTV,CCTV,2017년 4월 12일,2F,10,돔IP형 3.8mm,월,68,SC02BC012F011710,1710,17,1710,,부곡스포츠센터팀,부곡스포츠센터,,0,부곡스포츠센터 방송설비,SC,SC02,02,BC,01,2F,01,시작 전,,
SC02BC013F011710,방송설비,CCTV,CCTV,2017년 4월 12일,3F,10,돔IP형 3.8mm,월,68,SC02BC013F011710,1710,17,1710,,부곡스포츠센터팀,부곡스포츠센터,,0,부곡스포츠센터 방송설비,SC,SC02,02,BC,01,3F,01,시작 전,,
SC02BC014F011710,방송설비,CCTV,CCTV,2017년 4월 12일,4F,10,돔IP형 3.8mm,월,68,SC02BC014F011710,1710,17,1710,,부곡스포츠센터팀,부곡스포츠센터,,0,부곡스포츠센터 방송설비,SC,SC02,02,BC,01,4F,01,시작 전,,
SC02BC015F011710,방송설비,CCTV,CCTV,2017년 4월 12일,5F,10,돔IP형 3.8mm,월,68,SC02BC015F011710,1710,17,1710,,부곡스포츠센터팀,부곡스포츠센터,,0,부곡스포츠센터 방송설비,SC,SC02,02,BC,01,5F,01,시작 전,,
SC02BC025F011712,방송설비,방송장비,방송장비,2017년 4월 12일,지상5층,12,X-32/DKHD1005,월,1,SC02BC025F011712,1712,17,1712,,부곡스포츠센터팀,부곡스포츠센터,,0,부곡스포츠센터 방송설비,SC,SC02,02,BC,02,5F,01,시작 전,,
SC02BO02B2011711,열원설비,증기보일러,증기보일러,2017년 4월 1일,지하2층,11,"1,500kg/h",수시,1,SC02BO02B2011711,1711,17,1711,,부곡스포츠센터팀,부곡스포츠센터,,0,부곡스포츠센터 열원설비,SC,SC02,02,BO,02,B2,01,시작 전,,
SC02BO03B2011708,열원설비,진공보일러,진공보일러,2017년 4월 3일,지하2층,08,"300,000kcal/h",수시,1,SC02BO03B2011708,1708,17,1708,,부곡스포츠센터팀,부곡스포츠센터,,0,부곡스포츠센터 열원설비,SC,SC02,02,BO,03,B2,01,시작 전,,
SC02BO07B2011911,열원설비,순간온수보일러(급탕용 소형보일러),순간온수보일러,2019년 12월 17일,지하2층,11,"50,0000kcal/h",수시,1,SC02BO07B2011911,1911,19,1911,,부곡스포츠센터팀,부곡스포츠센터,,0,부곡스포츠센터 열원설비,SC,SC02,02,BO,07,B2,01,시작 전,,
SC02BO11B2011710,열원설비,응축수탱크,응축수탱크,2017년 4월 3일,지하2층,10,1.5TON,수시,1,SC02BO11B2011710,1710,17,1710,,부곡스포츠센터팀,부곡스포츠센터,,0,부곡스포츠센터 열원설비,SC,SC02,02,BO,11,B2,01,시작 전,,
SC02BO12B2011711,열원설비,급탕용탱크,온수저장탱크,2017년 4월 5일,지하2층,11,6.4톤,월,2,SC02BO12B2011711,1711,17,1711,,부곡스포츠센터팀,부곡스포츠센터,,0,부곡스포츠센터 열원설비,SC,SC02,02,BO,12,B2,01,시작 전,,
SC02BO16B2011710,열원설비,증기헤더,증기헤더,2017년 4월 3일,지하2층,10,"250*20000*300,000kca/h",수시,3,SC02BO16B2011710,1710,17,1710,,부곡스포츠센터팀,부곡스포츠센터,,0,부곡스포츠센터 열원설비,SC,SC02,02,BO,16,B2,01,시작 전,,
SC02CS01B2021709,공조설비,공조용 히트펌프,히팅펌프,2017년 4월 1일,지하2층,09,"190,00/236,000kcal/h",수시,1,SC02CS01B2021709,1709,17,1709,,부곡스포츠센터팀,부곡스포츠센터,,0,부곡스포츠센터 공조설비,SC,SC02,02,CS,01,B2,02,시작 전,,
SC02CS06B2011708,공조설비,급기팬(환기용),급배기홴,2017년 4월 5일,지하2층,08,0.75kw ~ 5.5kw,수시,4,SC02CS06B2011708,1708,17,1708,,부곡스포츠센터팀,부곡스포츠센터,,0,부곡스포츠센터 공조설비,SC,SC02,02,CS,06,B2,01,시작 전,,
SC02DZ02B1021708,재난설비,스노우멜딩,자동심장충격기,2017년 4월 17일,"지상 1, 3층",08,S/N:ST1703,월,2,SC02DZ02B1021708,1708,17,1708,,부곡스포츠센터팀,부곡스포츠센터,,,부곡스포츠센터 재난설비,SC,SC02,02,DZ,02,B1,02,시작 전,,
SC02EC01B2021712,제어설비,DDC판넬,자동제어,2017년 3월 30일,B2 ~ F5,12,삼성제어모니터링,수시,3,SC02EC01B2021712,1712,17,1712,,부곡스포츠센터팀,부곡스포츠센터,,0,부곡스포츠센터 제어설비,SC,SC02,02,EC,01,B2,02,시작 전,,
SC02EC01B1011712,제어설비,DDC판넬,자동제어,2017년 3월 30일,B2 ~ F5,12,삼성제어모니터링,,,SC02EC01B1011712,1712,17,1712,,부곡스포츠센터팀,부곡스포츠센터,,,부곡스포츠센터 제어설비,SC,SC02,02,EC,01,B1,01,시작 전,,
SC02EC011F011712,제어설비,DDC판넬,자동제어,2017년 3월 30일,B2 ~ F5,12,삼성제어모니터링,,,SC02EC011F011712,1712,17,1712,,부곡스포츠센터팀,부곡스포츠센터,,,부곡스포츠센터 제어설비,SC,SC02,02,EC,01,1F,01,시작 전,,
SC02EC012F011712,제어설비,DDC판넬,자동제어,2017년 3월 30일,B2 ~ F5,12,삼성제어모니터링,,,SC02EC012F011712,1712,17,1712,,부곡스포츠센터팀,부곡스포츠센터,,,부곡스포츠센터 제어설비,SC,SC02,02,EC,01,2F,01,시작 전,,
SC02EC013F011712,제어설비,DDC판넬,자동제어,2017년 3월 30일,B2 ~ F5,12,삼성제어모니터링,,,SC02EC013F011712,1712,17,1712,,부곡스포츠센터팀,부곡스포츠센터,,,부곡스포츠센터 제어설비,SC,SC02,02,EC,01,3F,01,시작 전,,
SC02EC014F011712,제어설비,DDC판넬,자동제어,2017년 3월 30일,B2 ~ F5,12,삼성제어모니터링,,,SC02EC014F011712,1712,17,1712,,부곡스포츠센터팀,부곡스포츠센터,,,부곡스포츠센터 제어설비,SC,SC02,02,EC,01,4F,01,시작 전,,
SC02EC015F011712,제어설비,DDC판넬,자동제어,2017년 3월 30일,B2 ~ F5,12,삼성제어모니터링,,,SC02EC015F011712,1712,17,1712,,부곡스포츠센터팀,부곡스포츠센터,,,부곡스포츠센터 제어설비,SC,SC02,02,EC,01,5F,01,시작 전,,
SC02EL01B2011720,전기설비,수변전설비,수변전시설,2017년 4월 1일,지하2층,20,TR300/TR500KVA,수시,1,SC02EL01B2011720,1720,17,1720,,부곡스포츠센터팀,부곡스포츠센터,,0,부곡스포츠센터 전기설비,SC,SC02,02,EL,01,B2,01,시작 전,,
SC02EL02B2021715,전기설비,발전기,발전기,2017년 4월 10일,지하2층,15,130kw,수시,1,SC02EL02B2021715,1715,17,1715,,부곡스포츠센터팀,부곡스포츠센터,,0,부곡스포츠센터 전기설비,SC,SC02,02,EL,02,B2,02,시작 전,,
SC02EL02B2011715,전기설비,발전기,발전기,2017년 4월 3일,지하2층,15,41.2kw,수시,1,SC02EL02B2011715,1715,17,1715,,부곡스포츠센터팀,부곡스포츠센터,,0,부곡스포츠센터 전기설비,SC,SC02,02,EL,02,B2,01,시작 전,,
SC02EV01021720,승강설비,승강기,승강기,2017년 3월 2일,B2~F5,20,"15인/1,000kg",수시,2,SC02EV01021720,1720,17,1720,,부곡스포츠센터팀,부곡스포츠센터,,0,부곡스포츠센터 승강설비,SC,SC02,02,EV,01,,02,시작 전,,
SC02GA02OD011712,가스설비,정압기,정압기실,2017년 3월 15일,지상1층 외곽,12,KS 10K GP,수시,1,SC02GA02OD011712,1712,17,1712,,부곡스포츠센터팀,부곡스포츠센터,,0,부곡스포츠센터 가스설비,SC,SC02,02,GA,02,OD,01,시작 전,,
SC02IT021F011710,전산설비,전산장비(기타),무인영수증발급기,2017년 4월 5일,1F,10,T-01901U,수시,4,SC02IT021F011710,1710,17,1710,,부곡스포츠센터팀,부곡스포츠센터,,0,부곡스포츠센터 전산설비,SC,SC02,02,IT,02,1F,01,시작 전,,
SC02IT022F011710,전산설비,전산장비(기타),무인영수증발급기,2017년 4월 5일,2F,10,T-01901U,,,SC02IT022F011710,1710,17,1710,,부곡스포츠센터팀,부곡스포츠센터,,,부곡스포츠센터 전산설비,SC,SC02,02,IT,02,2F,01,시작 전,,
SC02IT023F011710,전산설비,전산장비(기타),무인영수증발급기,2017년 4월 5일,3F,10,T-01901U,,,SC02IT023F011710,1710,17,1710,,부곡스포츠센터팀,부곡스포츠센터,,,부곡스포츠센터 전산설비,SC,SC02,02,IT,02,3F,01,시작 전,,
SC02PA011F011712,미분류설비,미등록설비,무인주차관재기,2017년 4월 5일,지상1층,12,RFID리더식*220V,수시,1,SC02PA011F011712,1712,17,1712,,부곡스포츠센터팀,부곡스포츠센터,,,부곡스포츠센터 미분류설비,SC,SC02,02,PA,01,1F,01,시작 전,,
SC02SF01B2011708,소화설비,소화펌프,소방펌프,2017년 4월 1일,지하2층,08,30KW,월,5,SC02SF01B2011708,1708,17,1708,,부곡스포츠센터팀,부곡스포츠센터,,0,부곡스포츠센터 소화설비,SC,SC02,02,SF,01,B2,01,시작 전,,
SC02SF03B2011712,소화설비,옥내소화전,소화전,2017년 3월 2일,B2,12,40A/80A,월,20,SC02SF03B2011712,1712,17,1712,,부곡스포츠센터팀,부곡스포츠센터,,0,부곡스포츠센터 소화설비,SC,SC02,02,SF,03,B2,01,시작 전,,
SC02SF03B1011712,소화설비,옥내소화전,소화전,2017년 3월 2일,B1,12,40A/80A,,,SC02SF03B1011712,1712,17,1712,,부곡스포츠센터팀,부곡스포츠센터,,,부곡스포츠센터 소화설비,SC,SC02,02,SF,03,B1,01,시작 전,,
SC02SF031F011712,소화설비,옥내소화전,소화전,2017년 3월 2일,1F,12,40A/80A,,,SC02SF031F011712,1712,17,1712,,부곡스포츠센터팀,부곡스포츠센터,,,부곡스포츠센터 소화설비,SC,SC02,02,SF,03,1F,01,시작 전,,
SC02SF032F011712,소화설비,옥내소화전,소화전,2017년 3월 2일,2F,12,40A/80A,,,SC02SF032F011712,1712,17,1712,,부곡스포츠센터팀,부곡스포츠센터,,,부곡스포츠센터 소화설비,SC,SC02,02,SF,03,2F,01,시작 전,,
SC02SF033F011712,소화설비,옥내소화전,소화전,2017년 3월 2일,3F,12,40A/80A,,,SC02SF033F011712,1712,17,1712,,부곡스포츠센터팀,부곡스포츠센터,,,부곡스포츠센터 소화설비,SC,SC02,02,SF,03,3F,01,시작 전,,
SC02SF034F011712,소화설비,옥내소화전,소화전,2017년 3월 2일,4F,12,40A/80A,,,SC02SF034F011712,1712,17,1712,,부곡스포츠센터팀,부곡스포츠센터,,,부곡스포츠센터 소화설비,SC,SC02,02,SF,03,4F,01,시작 전,,
SC02SF035F011712,소화설비,옥내소화전,소화전,2017년 3월 2일,5F,12,40A/80A,,,SC02SF035F011712,1712,17,1712,,부곡스포츠센터팀,부곡스포츠센터,,,부곡스포츠센터 소화설비,SC,SC02,02,SF,03,5F,01,시작 전,,
SC02SF13B1011712,소화설비,화재수신기,P형 1급 수신기,2017년 3월 20일,지하1층,12,P-1-2017320,월,1,SC02SF13B1011712,1712,17,1712,,부곡스포츠센터팀,부곡스포츠센터,,0,부곡스포츠센터 소화설비,SC,SC02,02,SF,13,B1,01,시작 전,,
SC02SF05B1021708,소화설비,소화기,소화기,2017년 4월 1일,B1,08,ABC 분말 3.3KG,월,56,SC02SF05B1021708,1708,17,1708,,부곡스포츠센터팀,부곡스포츠센터,,,부곡스포츠센터 소화설비,SC,SC02,02,SF,05,B1,02,시작 전,,
SC02SF051F011708,소화설비,소화기,소화기,2017년 4월 1일,1F,08,ABC 분말 3.3KG,,,SC02SF051F011708,1708,17,1708,,부곡스포츠센터팀,부곡스포츠센터,,,부곡스포츠센터 소화설비,SC,SC02,02,SF,05,1F,01,시작 전,,
SC02SF052F011708,소화설비,소화기,소화기,2017년 4월 1일,2F,08,ABC 분말 3.3KG,,,SC02SF052F011708,1708,17,1708,,부곡스포츠센터팀,부곡스포츠센터,,,부곡스포츠센터 소화설비,SC,SC02,02,SF,05,2F,01,시작 전,,
SC02SF053F011708,소화설비,소화기,소화기,2017년 4월 1일,3F,08,ABC 분말 3.3KG,,,SC02SF053F011708,1708,17,1708,,부곡스포츠센터팀,부곡스포츠센터,,,부곡스포츠센터 소화설비,SC,SC02,02,SF,05,3F,01,시작 전,,
SC02SF054F011708,소화설비,소화기,소화기,2017년 4월 1일,4F,08,ABC 분말 3.3KG,,,SC02SF054F011708,1708,17,1708,,부곡스포츠센터팀,부곡스포츠센터,,,부곡스포츠센터 소화설비,SC,SC02,02,SF,05,4F,01,시작 전,,
SC02SF055F011708,소화설비,소화기,소화기,2017년 4월 1일,5F,08,ABC 분말 3.3KG,,,SC02SF055F011708,1708,17,1708,,부곡스포츠센터팀,부곡스포츠센터,,,부곡스포츠센터 소화설비,SC,SC02,02,SF,05,5F,01,시작 전,,
SC02SF05011700,소화설비,소화기,소화기,2017년 4월 19일,부곡스포츠센터 층별,00,0,월,20,SC02SF05011700,1700,17,1700,,부곡스포츠센터팀,부곡스포츠센터,,0,부곡스포츠센터 소화설비,SC,SC02,02,SF,05,,01,시작 전,,
SC02SF05011700,소화설비,소화기,소화기,2017년 4월 19일,,00,0,,,SC02SF05011700,1700,17,1700,,부곡스포츠센터팀,부곡스포츠센터,,,부곡스포츠센터 소화설비,SC,SC02,02,SF,05,,01,시작 전,,
SC02SF05011700,소화설비,소화기,소화기,2017년 4월 19일,,00,0,,,SC02SF05011700,1700,17,1700,,부곡스포츠센터팀,부곡스포츠센터,,,부곡스포츠센터 소화설비,SC,SC02,02,SF,05,,01,시작 전,,
SC02SF05011700,소화설비,소화기,소화기,2017년 4월 19일,,00,0,,,SC02SF05011700,1700,17,1700,,부곡스포츠센터팀,부곡스포츠센터,,,부곡스포츠센터 소화설비,SC,SC02,02,SF,05,,01,시작 전,,
SC02SF24OD011708,소화설비,캐비넷형 호스릴 소화시스템,케비넷형호스틸소화시스템,2017년 4월 13일,지상1층 외곽,08,40KG(액화탄산가스),월,1,SC02SF24OD011708,1708,17,1708,,부곡스포츠센터팀,부곡스포츠센터,,,부곡스포츠센터 소화설비,SC,SC02,02,SF,24,OD,01,시작 전,,
SC02SF25B1031708,소화설비,방화셔터,방화셧다,2017년 3월 20일,B1,08,"3,000*6,000*220V",월,2,SC02SF25B1031708,1708,17,1708,,부곡스포츠센터팀,부곡스포츠센터,,0,부곡스포츠센터 소화설비,SC,SC02,02,SF,25,B1,03,시작 전,,
SC02SF25B2031708,소화설비,방화셔터,방화셧다,2017년 3월 20일,B2,08,"3,000*6,000*220V",,,SC02SF25B2031708,1708,17,1708,,부곡스포츠센터팀,부곡스포츠센터,,,부곡스포츠센터 소화설비,SC,SC02,02,SF,25,B2,03,시작 전,,
SC02SW03B2011711,수영장설비,발란싱탱크,발란싱탱크,2017년 3월 30일,지하2층,11,30톤,수시,1,SC02SW03B2011711,1711,17,1711,,부곡스포츠센터팀,부곡스포츠센터,,0,부곡스포츠센터 수영장설비,SC,SC02,02,SW,03,B2,01,시작 전,,
SC02SW05B2011710,수영장설비,수영장 여과기,수영장여과기,2017년 4월 1일,지하2층,10,124㎥/h,년,1,SC02SW05B2011710,1710,17,1710,,부곡스포츠센터팀,부곡스포츠센터,,0,부곡스포츠센터 수영장설비,SC,SC02,02,SW,05,B2,01,시작 전,,
SC02SW071F011708,수영장설비,수중클리너,수중클리너,2017년 4월 5일,지상1층 수영장,08,WS7,수시,2,SC02SW071F011708,1708,17,1708,,부곡스포츠센터팀,부곡스포츠센터,,0,부곡스포츠센터 수영장설비,SC,SC02,02,SW,07,1F,01,시작 전,,
SC02SW08B1021711,수영장설비,수영장 마사지펌프,수영장마시지펌프,2017년 4월 6일,지상1층,11,DRL64-1*380V,수시,1,SC02SW08B1021711,1711,17,1711,,부곡스포츠센터팀,부곡스포츠센터,,0,부곡스포츠센터 수영장설비,SC,SC02,02,SW,08,B1,02,시작 전,,
SC02SW101F031708,수영장설비,수영장설비(기타),수영장전자전광판,2017년 4월 5일,지상1층,08,300*150*220v,수시,1,SC02SW101F031708,1708,17,1708,,부곡스포츠센터팀,부곡스포츠센터,,0,부곡스포츠센터 수영장설비,SC,SC02,02,SW,10,1F,03,시작 전,,
SC02WA01B2011711,저수조설비,물탱크,상수도물탱크,2017년 4월 5일,지하2츷,11,168TON,수시,1,SC02WA01B2011711,1711,17,1711,,부곡스포츠센터팀,부곡스포츠센터,,0,부곡스포츠센터 저수조설비,SC,SC02,02,WA,01,B2,01,시작 전,,
SC02WT06B2011710,수처리설비,급수펌프,부스터펌프,2017년 4월 1일,지하2층,10,5.6KW/380V,수시,3,SC02WT06B2011710,1710,17,1710,,부곡스포츠센터팀,부곡스포츠센터,,,부곡스포츠센터 수처리설비,SC,SC02,02,WT,06,B2,01,시작 전,,
SC02WT08B2021711,수처리설비,배수수중펌프,배수수중펌프,2017년 4월 12일,지하2층,11,600W ~ 5.5KW,수시,3,SC02WT08B2021711,1711,17,1711,,부곡스포츠센터팀,부곡스포츠센터,,0,부곡스포츠센터 수처리설비,SC,SC02,02,WT,08,B2,02,시작 전,,
,미분류설비,,,,,,,,,,,,,,,,,,,,,,,,,,시작 전,,
SC03AT01012320,건축설비,건축실내(고정물),건축물,2023년 1월 1일,백운커뮤니센터,20,0,년,1,SC03AT01012320,2320,23,2320,,백운스포츠센터팀,백운스포츠센터,,0,백운스포츠센터 건축설비,SC,SC03,03,AT,01,,01,시작 전,,
SC03BC012F012105,방송설비,CCTV,CCTV설비,2021년 6월 23일,2층 사무실 및 1층 방제실,05,0,월,51,SC03BC012F012105,2105,21,2105,,백운스포츠센터팀,백운스포츠센터,,0,백운스포츠센터 방송설비,SC,SC03,03,BC,01,2F,01,시작 전,,
SC03BC011F012105,방송설비,CCTV,CCTV설비,2021년 6월 23일,2층 사무실 및 1층 방제실,05,0,월,51,SC03BC011F012105,2105,21,2105,,백운스포츠센터팀,백운스포츠센터,,0,백운스포츠센터 방송설비,SC,SC03,03,BC,01,1F,01,시작 전,,
SC03BC031F012010,방송설비,전관방송설비,전관방송설비,2020년 10월 20일,1층 방제실,10,0,월,1,SC03BC031F012010,2010,20,2010,,백운스포츠센터팀,백운스포츠센터,,0,백운스포츠센터 방송설비,SC,SC03,03,BC,03,1F,01,시작 전,,
SC03BC041F012010,방송설비,무선통신보조설비,무선통신보조설비,2020년 10월 20일,1층 방제실,10,0,분기,1,SC03BC041F012010,2010,20,2010,,백운스포츠센터팀,백운스포츠센터,,0,백운스포츠센터 방송설비,SC,SC03,03,BC,04,1F,01,시작 전,,
SC03BC071F012010,방송설비,방송장비(기타),방송통신설비,2020년 10월 20일,1층 방제실,10,관내방송 및 라디오,월,1,SC03BC071F012010,2010,20,2010,,백운스포츠센터팀,백운스포츠센터,,0,백운스포츠센터 방송설비,SC,SC03,03,BC,07,1F,01,시작 전,,
SC03BO05B2012109,열원설비,캐스케이드,캐스케이드,2021년 3월 24일,지하2층 보일러실,09,"50,000kcal/h",수시,22,SC03BO05B2012109,2109,21,2109,,백운스포츠센터팀,백운스포츠센터,,급수측 스트레이너 청소 확인,백운스포츠센터 열원설비,SC,SC03,03,BO,05,B2,01,시작 전,,
SC03BO07B1012006,열원설비,순간온수보일러(급탕용 소형보일러),소형 순간온수기,2020년 10월 20일,지하1~4층 남녀화장실,06,30L,월,8,SC03BO07B1012006,2006,20,2006,,백운스포츠센터팀,백운스포츠센터,,0,백운스포츠센터 열원설비,SC,SC03,03,BO,07,B1,01,시작 전,,
SC03BO071F012006,열원설비,순간온수보일러(급탕용 소형보일러),소형 순간온수기,2020년 10월 20일,지하1~4층 남녀화장실,06,30L,월,8,SC03BO071F012006,2006,20,2006,,백운스포츠센터팀,백운스포츠센터,,0,백운스포츠센터 열원설비,SC,SC03,03,BO,07,1F,01,시작 전,,
SC03BO072F012006,열원설비,순간온수보일러(급탕용 소형보일러),소형 순간온수기,2020년 10월 20일,지하1~4층 남녀화장실,06,30L,월,8,SC03BO072F012006,2006,20,2006,,백운스포츠센터팀,백운스포츠센터,,0,백운스포츠센터 열원설비,SC,SC03,03,BO,07,2F,01,시작 전,,
SC03BO073F012006,열원설비,순간온수보일러(급탕용 소형보일러),소형 순간온수기,2020년 10월 20일,지하1~4층 남녀화장실,06,30L,월,8,SC03BO073F012006,2006,20,2006,,백운스포츠센터팀,백운스포츠센터,,0,백운스포츠센터 열원설비,SC,SC03,03,BO,07,3F,01,시작 전,,
SC03BO074F012006,열원설비,순간온수보일러(급탕용 소형보일러),소형 순간온수기,2020년 10월 20일,지하1~4층 남녀화장실,06,30L,월,8,SC03BO074F012006,2006,20,2006,,백운스포츠센터팀,백운스포츠센터,,0,백운스포츠센터 열원설비,SC,SC03,03,BO,07,4F,01,시작 전,,
SC03BO083F012005,열원설비,전기온수기,전기 온수기,2020년 12월 3일,3층 헬스장 내 보일러실,05,"1,500L",수시,1,SC03BO083F012005,2005,20,2005,,백운스포츠센터팀,백운스포츠센터,,0,백운스포츠센터 열원설비,SC,SC03,03,BO,08,3F,01,시작 전,,
SC03BO09B2012004,열원설비,열교환기,성인풀 열교환기(판형),2020년 10월 20일,지하2층 수처리실,04,"500,000kcal/h",월,1,SC03BO09B2012004,2004,20,2004,,백운스포츠센터팀,백운스포츠센터,,0,백운스포츠센터 열원설비,SC,SC03,03,BO,09,B2,01,시작 전,,
SC03BO09B2012004,열원설비,열교환기,유아풀 열교환기(판형),2020년 10월 20일,지하2층 수처리실,04,"50,000kcal/h",월,1,SC03BO09B2012004,2004,20,2004,,백운스포츠센터팀,백운스포츠센터,,0,백운스포츠센터 열원설비,SC,SC03,03,BO,09,B2,01,시작 전,,
SC03BO14B2012006,열원설비,급탕용 순환펌프,급탕순환펌프(수영장용),2020년 12월 21일,지하2층 보일러실,06,"양수량:136l/min,양정7m",월,2,SC03BO14B2012006,2006,20,2006,,백운스포츠센터팀,백운스포츠센터,,0,백운스포츠센터 열원설비,SC,SC03,03,BO,14,B2,01,시작 전,,
SC03BO191F012005,열원설비,동파방지기(난방기),동파방지기(난방기),2020년 8월 20일,1~4층 남녀 화장실,05,1.050W,월,10,SC03BO191F012005,2005,20,2005,,백운스포츠센터팀,백운스포츠센터,,0,백운스포츠센터 열원설비,SC,SC03,03,BO,19,1F,01,시작 전,,
SC03BO192F012005,열원설비,동파방지기(난방기),동파방지기(난방기),2020년 8월 20일,1~4층 남녀 화장실,05,1.050W,월,10,SC03BO192F012005,2005,20,2005,,백운스포츠센터팀,백운스포츠센터,,0,백운스포츠센터 열원설비,SC,SC03,03,BO,19,2F,01,시작 전,,
SC03BO193F012005,열원설비,동파방지기(난방기),동파방지기(난방기),2020년 8월 20일,1~4층 남녀 화장실,05,1.050W,월,10,SC03BO193F012005,2005,20,2005,,백운스포츠센터팀,백운스포츠센터,,0,백운스포츠센터 열원설비,SC,SC03,03,BO,19,3F,01,시작 전,,
SC03BO194F012005,열원설비,동파방지기(난방기),동파방지기(난방기),2020년 8월 20일,1~4층 남녀 화장실,05,1.050W,월,10,SC03BO194F012005,2005,20,2005,,백운스포츠센터팀,백운스포츠센터,,0,백운스포츠센터 열원설비,SC,SC03,03,BO,19,4F,01,시작 전,,
SC03CS011F022006,공조설비,공조용 히트펌프,전기 구동형 히트펌프(실내기),2020년 8월 20일,각 실,06,냉/난방:5.2~14.5/6~16.3,월,58,SC03CS011F022006,2006,20,2006,,백운스포츠센터팀,백운스포츠센터,,0,백운스포츠센터 공조설비,SC,SC03,03,CS,01,1F,02,시작 전,,
SC03CS012F022006,공조설비,공조용 히트펌프,전기 구동형 히트펌프(실내기),2020년 8월 20일,각 실,06,냉/난방:5.2~14.5/6~16.3,월,58,SC03CS012F022006,2006,20,2006,,백운스포츠센터팀,백운스포츠센터,,0,백운스포츠센터 공조설비,SC,SC03,03,CS,01,2F,02,시작 전,,
SC03CS013F022006,공조설비,공조용 히트펌프,전기 구동형 히트펌프(실내기),2020년 8월 20일,각 실,06,냉/난방:5.2~14.5/6~16.3,월,58,SC03CS013F022006,2006,20,2006,,백운스포츠센터팀,백운스포츠센터,,0,백운스포츠센터 공조설비,SC,SC03,03,CS,01,3F,02,시작 전,,
SC03CS014F022006,공조설비,공조용 히트펌프,전기 구동형 히트펌프(실내기),2020년 8월 20일,각 실,06,냉/난방:5.2~14.5/6~16.3,월,58,SC03CS014F022006,2006,20,2006,,백운스포츠센터팀,백운스포츠센터,,0,백운스포츠센터 공조설비,SC,SC03,03,CS,01,4F,02,시작 전,,
SC03CS02B2012009,공조설비,공기조화기,공기조화기(EHP),2020년 8월 20일,지하2층 기계실,09,"157,722kcal/h",수시,1,SC03CS02B2012009,2009,20,2009,,백운스포츠센터팀,백운스포츠센터,,공조기 온도 설정이 외기 온도로 세팅되어 있음(실내 온도센서 설치 후 실내온도를 공조기 설정 온도로 교체 공사 필요),백운스포츠센터 공조설비,SC,SC03,03,CS,02,B2,01,시작 전,,
SC03CS041F012009,공조설비,전열교환기,전열교환기,2020년 8월 20일,각 실,09,"250m3/h~2,000m3/h",월,26,SC03CS041F012009,2009,20,2009,,백운스포츠센터팀,백운스포츠센터,,0,백운스포츠센터 공조설비,SC,SC03,03,CS,04,1F,01,시작 전,,
SC03CS042F012009,공조설비,전열교환기,전열교환기,2020년 8월 20일,각 실,09,"250m3/h~2,000m3/h",월,26,SC03CS042F012009,2009,20,2009,,백운스포츠센터팀,백운스포츠센터,,0,백운스포츠센터 공조설비,SC,SC03,03,CS,04,2F,01,시작 전,,
SC03CS043F012009,공조설비,전열교환기,전열교환기,2020년 8월 20일,각 실,09,"250m3/h~2,000m3/h",월,26,SC03CS043F012009,2009,20,2009,,백운스포츠센터팀,백운스포츠센터,,0,백운스포츠센터 공조설비,SC,SC03,03,CS,04,3F,01,시작 전,,
SC03CS044F012009,공조설비,전열교환기,전열교환기,2020년 8월 20일,각 실,09,"250m3/h~2,000m3/h",월,26,SC03CS044F012009,2009,20,2009,,백운스포츠센터팀,백운스포츠센터,,0,백운스포츠센터 공조설비,SC,SC03,03,CS,04,4F,01,시작 전,,
SC03CS07RT012008,공조설비,배기팬(환기용),1층 근린시설배기팬,2020년 10월 20일,옥탑,08,92m3/min,월,1,SC03CS07RT012008,2008,20,2008,,백운스포츠센터팀,백운스포츠센터,,0,백운스포츠센터 공조설비,SC,SC03,03,CS,07,RT,01,시작 전,,
SC03CS07RT022008,공조설비,배기팬(환기용),2층 근린시설배기팬,2020년 10월 20일,옥탑,08,237m3/min,월,1,SC03CS07RT022008,2008,20,2008,,백운스포츠센터팀,백운스포츠센터,,0,백운스포츠센터 공조설비,SC,SC03,03,CS,07,RT,02,시작 전,,
SC03CS07RT032008,공조설비,배기팬(환기용),수영장 배기팬,2020년 10월 20일,옥탑,08,308m3/min,월,1,SC03CS07RT032008,2008,20,2008,,백운스포츠센터팀,백운스포츠센터,,0,백운스포츠센터 공조설비,SC,SC03,03,CS,07,RT,03,시작 전,,
SC03CS07RT042008,공조설비,배기팬(환기용),화장실배기팬,2020년 10월 20일,옥탑,08,98m3/min,월,1,SC03CS07RT042008,2008,20,2008,,백운스포츠센터팀,백운스포츠센터,,0,백운스포츠센터 공조설비,SC,SC03,03,CS,07,RT,04,시작 전,,
SC03CS07B2012009,공조설비,배기팬(환기용),지하2층 주차장 급기팬,2020년 10월 20일,지하2층 주차장,09,417m3/min,월,1,SC03CS07B2012009,2009,20,2009,,백운스포츠센터팀,백운스포츠센터,,0,백운스포츠센터 공조설비,SC,SC03,03,CS,07,B2,01,시작 전,,
SC03CS07B1012009,공조설비,배기팬(환기용),지하1층 주차장 급기팬,2020년 10월 20일,지하1층 주차장,09,250m3/min,월,1,SC03CS07B1012009,2009,20,2009,,백운스포츠센터팀,백운스포츠센터,,0,백운스포츠센터 공조설비,SC,SC03,03,CS,07,B1,01,시작 전,,
SC03CS07B2012009,공조설비,배기팬(환기용),지하2층 주차장 배기팬,2020년 10월 20일,지하2층 주차장,09,417m3/min,월,1,SC03CS07B2012009,2009,20,2009,,백운스포츠센터팀,백운스포츠센터,,0,백운스포츠센터 공조설비,SC,SC03,03,CS,07,B2,01,시작 전,,
SC03CS07B1012009,공조설비,배기팬(환기용),지하1층 주차장배기팬,2020년 10월 20일,지하1층 주차장,09,250m3/min,월,1,SC03CS07B1012009,2009,20,2009,,백운스포츠센터팀,백운스포츠센터,,0,백운스포츠센터 공조설비,SC,SC03,03,CS,07,B1,01,시작 전,,
SC03CS07B2012009,공조설비,배기팬(환기용),지하2층 주차장유인팬,2020년 10월 20일,지하2층 주차장,09,"3,900CMH",월,2,SC03CS07B2012009,2009,20,2009,,백운스포츠센터팀,백운스포츠센터,,0,백운스포츠센터 공조설비,SC,SC03,03,CS,07,B2,01,시작 전,,
SC03CS07B1012009,공조설비,배기팬(환기용),지하1층 주차장유인팬,2020년 10월 20일,지하1층 추차장,09,"3,900CMH",월,2,SC03CS07B1012009,2009,20,2009,,백운스포츠센터팀,백운스포츠센터,,0,백운스포츠센터 공조설비,SC,SC03,03,CS,07,B1,01,시작 전,,
SC03DZ011F012010,재난설비,민방위설비,민방위설비,2020년 10월 20일,1층 방제실,10,0,분기,1,SC03DZ011F012010,2010,20,2010,,백운스포츠센터팀,백운스포츠센터,,0,백운스포츠센터 재난설비,SC,SC03,03,DZ,01,1F,01,시작 전,,
SC03DZ02OD012007,재난설비,스노우멜딩,스노우멜딩,2020년 10월 20일,1층 옥외 부출입구,07,0,분기,1,SC03DZ02OD012007,2007,20,2007,,백운스포츠센터팀,백운스포츠센터,,0,백운스포츠센터 재난설비,SC,SC03,03,DZ,02,OD,01,시작 전,,
SC03EC011F022005,제어설비,DDC판넬,기계장비 자동제어,2020년 10월 20일,1층 방제실,05,0,월,1,SC03EC011F022005,2005,20,2005,,백운스포츠센터팀,백운스포츠센터,,수영장 수온 자동제어 추가설치(2022년도 공사 예정),백운스포츠센터 제어설비,SC,SC03,03,EC,01,1F,02,시작 전,,
SC03EC02B2012007,제어설비,주차관제 설비프로그램,DDC판넬,2020년 10월 20일,지하2층 기계실,07,지하2층 시설장비,월,1,SC03EC02B2012007,2007,20,2007,,백운스포츠센터팀,백운스포츠센터,,0,백운스포츠센터 제어설비,SC,SC03,03,EC,02,B2,01,시작 전,,
SC03EC031F012007,제어설비,전관방송설비 자동제어프로그램,주차관제 설비프로그램,2020년 10월 20일,1층 방제실,07,0,월,1,SC03EC031F012007,2007,20,2007,,백운스포츠센터팀,백운스포츠센터,,0,백운스포츠센터 제어설비,SC,SC03,03,EC,03,1F,01,시작 전,,
SC03EC041F012007,제어설비,전력제어프로그램,전관방송설비 자동제어프로그램,2020년 10월 20일,1층 방제실,07,0,월,1,SC03EC041F012007,2007,20,2007,,백운스포츠센터팀,백운스포츠센터,,0,백운스포츠센터 제어설비,SC,SC03,03,EC,04,1F,01,시작 전,,
SC03EC051F012007,제어설비,원격검침 프로그램,전력제어 프로그램,2020년 8월 20일,1층 방제실,07,0,월,1,SC03EC051F012007,2007,20,2007,,백운스포츠센터팀,백운스포츠센터,,0,백운스포츠센터 제어설비,SC,SC03,03,EC,05,1F,01,시작 전,,
SC03EC061F012007,제어설비,EHP제어프로그램,원격검침 프로그램,2020년 10월 20일,1층 방제실,07,0,월,1,SC03EC061F012007,2007,20,2007,,백운스포츠센터팀,백운스포츠센터,,0,백운스포츠센터 제어설비,SC,SC03,03,EC,06,1F,01,시작 전,,
SC03EC071F032007,제어설비,자동제어설비(기타),EHP 제어프로그램,2020년 10월 20일,1층 방제실,07,0,월,1,SC03EC071F032007,2007,20,2007,,백운스포츠센터팀,백운스포츠센터,,0,백운스포츠센터 제어설비,SC,SC03,03,EC,07,1F,03,시작 전,,
SC03EL031F012007,전기설비,전기차설비,전기차 설비,2020년 10월 20일,1층 주차장 및 방제실,07,"충전시설 1대, 충전용 주차장 2대",월,1,SC03EL031F012007,2007,20,2007,,백운스포츠센터팀,백운스포츠센터,,0,백운스포츠센터 전기설비,SC,SC03,03,EL,03,1F,01,시작 전,,
SC03EL04B2032020,전기설비,전기설비(기타),전기설비,2020년 8월 20일,지하2층 전기실,20,"1,250kw",수시,1,SC03EL04B2032020,2020,20,2020,,백운스포츠센터팀,백운스포츠센터,,발전시설 없음,백운스포츠센터 전기설비,SC,SC03,03,EL,04,B2,03,시작 전,,
SC03EV01022010,승강설비,승강기,승강기,2020년 8월 20일,지하2층~4층,10,"승객용1,000kg,15인승",월,2,SC03EV01022010,2010,20,2010,,백운스포츠센터팀,백운스포츠센터,,엘리베이터 조작반 4층 엘리베이터 출입구 벽면 위치,백운스포츠센터 승강설비,SC,SC03,03,EV,01,,02,시작 전,,
SC03IT031F012010,전산설비,미등록설비,무인경비 설비,2020년 10월 20일,1층 방제실,10,0,월,1,SC03IT031F012010,2010,20,2010,,백운스포츠센터팀,백운스포츠센터,,0,백운스포츠센터 전산설비,SC,SC03,03,IT,03,1F,01,시작 전,,
SC03SF02B2012009,소화설비,소방엔진펌프,소방용펌프(주펌프),2020년 8월 20일,지하2층 기계실,09,1.99m3/min,월,1,SC03SF02B2012009,2009,20,2009,,백운스포츠센터팀,백운스포츠센터,,압력상태 확인,백운스포츠센터 소화설비,SC,SC03,03,SF,02,B2,01,시작 전,,
SC03SF02B2012009,소화설비,소방엔진펌프,소방용펌프(보조펌프),2020년 8월 20일,지하2층 기계실,09,2.2kw부스터형(일체형),월,1,SC03SF02B2012009,2009,20,2009,,백운스포츠센터팀,백운스포츠센터,,0,백운스포츠센터 소화설비,SC,SC03,03,SF,02,B2,01,시작 전,,
SC03SF03B2012009,소화설비,옥내소화전,소방용펌프(디젤엔진펌프),2020년 8월 20일,지하2층 기계실,09,양수량:1.99m3/min,월,1,SC03SF03B2012009,2009,20,2009,,백운스포츠센터팀,백운스포츠센터,,"월 1회 점검(안전대행), 옥내소화전 및 스프링클러 겸용",백운스포츠센터 소화설비,SC,SC03,03,SF,03,B2,01,시작 전,,
SC03SF041F032010,소화설비,옥외소화전,"옥내소화전, 소방종합",2020년 10월 20일,각 층,10,0,월,16,SC03SF041F032010,2010,20,2010,,백운스포츠센터팀,백운스포츠센터,,월 1회 점검(소방안전대행),백운스포츠센터 소화설비,SC,SC03,03,SF,04,1F,03,시작 전,,
SC03SF042F032010,소화설비,옥외소화전,"옥내소화전, 소방종합",2020년 10월 20일,각 층,10,0,월,16,SC03SF042F032010,2010,20,2010,,백운스포츠센터팀,백운스포츠센터,,월 1회 점검(소방안전대행),백운스포츠센터 소화설비,SC,SC03,03,SF,04,2F,03,시작 전,,
SC03SF043F032010,소화설비,옥외소화전,"옥내소화전, 소방종합",2020년 10월 20일,각 층,10,0,월,16,SC03SF043F032010,2010,20,2010,,백운스포츠센터팀,백운스포츠센터,,월 1회 점검(소방안전대행),백운스포츠센터 소화설비,SC,SC03,03,SF,04,3F,03,시작 전,,
SC03SF044F032010,소화설비,옥외소화전,"옥내소화전, 소방종합",2020년 10월 20일,각 층,10,0,월,16,SC03SF044F032010,2010,20,2010,,백운스포츠센터팀,백운스포츠센터,,월 1회 점검(소방안전대행),백운스포츠센터 소화설비,SC,SC03,03,SF,04,4F,03,시작 전,,
SC03SF06B1022010,소화설비,가스식 자동 소화장치,스프링클러 헤드,2020년 10월 20일,각 실,10,0,월,"1,003",SC03SF06B1022010,2010,20,2010,,백운스포츠센터팀,백운스포츠센터,,0,백운스포츠센터 소화설비,SC,SC03,03,SF,06,B1,02,시작 전,,
SC03SF061F022010,소화설비,가스식 자동 소화장치,스프링클러 헤드,2020년 10월 20일,각 실,10,0,월,"1,003",SC03SF061F022010,2010,20,2010,,백운스포츠센터팀,백운스포츠센터,,0,백운스포츠센터 소화설비,SC,SC03,03,SF,06,1F,02,시작 전,,
SC03SF062F022010,소화설비,가스식 자동 소화장치,스프링클러 헤드,2020년 10월 20일,각 실,10,0,월,"1,003",SC03SF062F022010,2010,20,2010,,백운스포츠센터팀,백운스포츠센터,,0,백운스포츠센터 소화설비,SC,SC03,03,SF,06,2F,02,시작 전,,
SC03SF063F022010,소화설비,가스식 자동 소화장치,스프링클러 헤드,2020년 10월 20일,각 실,10,0,월,"1,003",SC03SF063F022010,2010,20,2010,,백운스포츠센터팀,백운스포츠센터,,0,백운스포츠센터 소화설비,SC,SC03,03,SF,06,3F,02,시작 전,,
SC03SF064F022010,소화설비,가스식 자동 소화장치,스프링클러 헤드,2020년 10월 20일,각 실,10,0,월,"1,003",SC03SF064F022010,2010,20,2010,,백운스포츠센터팀,백운스포츠센터,,0,백운스포츠센터 소화설비,SC,SC03,03,SF,06,4F,02,시작 전,,
SC03SF07OD012010,소화설비,CO2호스필 설비,알람밸브,2020년 10월 20일,지상층 유수검지실,10,0,월,6,SC03SF07OD012010,2010,20,2010,,백운스포츠센터팀,백운스포츠센터,,월 점검(소방안전대행),백운스포츠센터 소화설비,SC,SC03,03,SF,07,OD,01,시작 전,,
SC03SF08B2012010,소화설비,스프링클러 보조펌프,프리액션밸브(준비작동식),2020년 10월 20일,지하2층 기계실 및 지하 유수검지실,10,0,월,3,SC03SF08B2012010,2010,20,2010,,백운스포츠센터팀,백운스포츠센터,,월점검 실시(소방안전대행),백운스포츠센터 소화설비,SC,SC03,03,SF,08,B2,01,시작 전,,
SC03SF10B2012010,소화설비,알람밸브,소방용 수조,2020년 8월 20일,지하2층 물탱크실,10,47톤(유효:39.8톤),월,1,SC03SF10B2012010,2010,20,2010,,백운스포츠센터팀,백운스포츠센터,,0,백운스포츠센터 소화설비,SC,SC03,03,SF,10,B2,01,시작 전,,
SC03SF111F012010,소화설비,프리액션밸브,화재 수신기(R형),2020년 10월 20일,1층 방제실,10,0,수시,1,SC03SF111F012010,2010,20,2010,,백운스포츠센터팀,백운스포츠센터,,0,백운스포츠센터 소화설비,SC,SC03,03,SF,11,1F,01,시작 전,,
SC03SF12012005,소화설비,소방용수조,감지기,2020년 10월 20일,각 실,05,0,월,228,SC03SF12012005,2005,20,2005,,백운스포츠센터팀,백운스포츠센터,,0,백운스포츠센터 소화설비,SC,SC03,03,SF,12,,01,시작 전,,
SC03SF13012010,소화설비,화재수신기,발신기,2020년 10월 20일,각 실,10,0,월,16,SC03SF13012010,2010,20,2010,,백운스포츠센터팀,백운스포츠센터,,월 1회 정기점검(소방안전대행),백운스포츠센터 소화설비,SC,SC03,03,SF,13,,01,시작 전,,
SC03SF14012005,소화설비,감지기,시각경보기,2020년 10월 20일,각 실,05,0,월,59,SC03SF14012005,2005,20,2005,,백운스포츠센터팀,백운스포츠센터,,0,백운스포츠센터 소화설비,SC,SC03,03,SF,14,,01,시작 전,,
SC03SF171F012007,소화설비,시각경보기,비상방송 스피커,2020년 10월 20일,각 실,07,0,월,104,SC03SF171F012007,2007,20,2007,,백운스포츠센터팀,백운스포츠센터,,0,백운스포츠센터 소화설비,SC,SC03,03,SF,17,1F,01,시작 전,,
SC03SF172F012007,소화설비,시각경보기,비상방송 스피커,2020년 10월 20일,각 실,07,0,월,104,SC03SF172F012007,2007,20,2007,,백운스포츠센터팀,백운스포츠센터,,0,백운스포츠센터 소화설비,SC,SC03,03,SF,17,2F,01,시작 전,,
SC03SF173F012007,소화설비,시각경보기,비상방송 스피커,2020년 10월 20일,각 실,07,0,월,104,SC03SF173F012007,2007,20,2007,,백운스포츠센터팀,백운스포츠센터,,0,백운스포츠센터 소화설비,SC,SC03,03,SF,17,3F,01,시작 전,,
SC03SF174F012007,소화설비,시각경보기,비상방송 스피커,2020년 10월 20일,각 실,07,0,월,104,SC03SF174F012007,2007,20,2007,,백운스포츠센터팀,백운스포츠센터,,0,백운스포츠센터 소화설비,SC,SC03,03,SF,17,4F,01,시작 전,,
SC03SF181F012003,소화설비,비상방송설비,유도등,2020년 10월 20일,각 실,03,0,월,111,SC03SF181F012003,2003,20,2003,,백운스포츠센터팀,백운스포츠센터,,0,백운스포츠센터 소화설비,SC,SC03,03,SF,18,1F,01,시작 전,,
SC03SF182F012003,소화설비,비상방송설비,유도등,2020년 10월 20일,각 실,03,0,월,111,SC03SF182F012003,2003,20,2003,,백운스포츠센터팀,백운스포츠센터,,0,백운스포츠센터 소화설비,SC,SC03,03,SF,18,2F,01,시작 전,,
SC03SF183F012003,소화설비,비상방송설비,유도등,2020년 10월 20일,각 실,03,0,월,111,SC03SF183F012003,2003,20,2003,,백운스포츠센터팀,백운스포츠센터,,0,백운스포츠센터 소화설비,SC,SC03,03,SF,18,3F,01,시작 전,,
SC03SF184F012003,소화설비,비상방송설비,유도등,2020년 10월 20일,각 실,03,0,월,111,SC03SF184F012003,2003,20,2003,,백운스포츠센터팀,백운스포츠센터,,0,백운스포츠센터 소화설비,SC,SC03,03,SF,18,4F,01,시작 전,,
SC03SF19012005,소화설비,비상방송스피커,비상 조명등,2020년 10월 20일,각 실,05,10W(5W 2대),월,87,SC03SF19012005,2005,20,2005,,백운스포츠센터팀,백운스포츠센터,,0,백운스포츠센터 소화설비,SC,SC03,03,SF,19,,01,시작 전,,
SC03SF19012005,소화설비,비상방송스피커,비상 조명등,2020년 10월 20일,각 실,05,10W(5W 2대),월,87,SC03SF19012005,2005,20,2005,,백운스포츠센터팀,백운스포츠센터,,0,백운스포츠센터 소화설비,SC,SC03,03,SF,19,,01,시작 전,,
SC03SF19012005,소화설비,비상방송스피커,비상 조명등,2020년 10월 20일,각 실,05,10W(5W 2대),월,87,SC03SF19012005,2005,20,2005,,백운스포츠센터팀,백운스포츠센터,,0,백운스포츠센터 소화설비,SC,SC03,03,SF,19,,01,시작 전,,
SC03SF19012005,소화설비,비상방송스피커,비상 조명등,2020년 10월 20일,각 실,05,10W(5W 2대),월,87,SC03SF19012005,2005,20,2005,,백운스포츠센터팀,백운스포츠센터,,0,백운스포츠센터 소화설비,SC,SC03,03,SF,19,,01,시작 전,,
SC03SF21012005,소화설비,비상조명등,완강기,2020년 10월 20일,해당 실,05,18m,월,4,SC03SF21012005,2005,20,2005,,백운스포츠센터팀,백운스포츠센터,,0,백운스포츠센터 소화설비,SC,SC03,03,SF,21,,01,시작 전,,
SC03SF21012005,소화설비,비상조명등,완강기,2020년 10월 20일,해당 실,05,18m,월,4,SC03SF21012005,2005,20,2005,,백운스포츠센터팀,백운스포츠센터,,0,백운스포츠센터 소화설비,SC,SC03,03,SF,21,,01,시작 전,,
SC03SF21012005,소화설비,비상조명등,완강기,2020년 10월 20일,해당 실,05,18m,월,4,SC03SF21012005,2005,20,2005,,백운스포츠센터팀,백운스포츠센터,,0,백운스포츠센터 소화설비,SC,SC03,03,SF,21,,01,시작 전,,
SC03SF21012005,소화설비,비상조명등,완강기,2020년 10월 20일,해당 실,05,18m,월,4,SC03SF21012005,2005,20,2005,,백운스포츠센터팀,백운스포츠센터,,0,백운스포츠센터 소화설비,SC,SC03,03,SF,21,,01,시작 전,,
SC03SF23012103,소화설비,완강기,ABC분말소화기,2021년 6월 10일,각 실,03,3.3KG,월,52,SC03SF23012103,2103,21,2103,,백운스포츠센터팀,백운스포츠센터,,소방안전대행 점검 실시(월1회),백운스포츠센터 소화설비,SC,SC03,03,SF,23,,01,시작 전,,
SC03SF23012103,소화설비,완강기,ABC분말소화기,2021년 6월 10일,각 실,03,3.3KG,월,52,SC03SF23012103,2103,21,2103,,백운스포츠센터팀,백운스포츠센터,,소방안전대행 점검 실시(월1회),백운스포츠센터 소화설비,SC,SC03,03,SF,23,,01,시작 전,,
SC03SF23012103,소화설비,완강기,ABC분말소화기,2021년 6월 10일,각 실,03,3.3KG,월,52,SC03SF23012103,2103,21,2103,,백운스포츠센터팀,백운스포츠센터,,소방안전대행 점검 실시(월1회),백운스포츠센터 소화설비,SC,SC03,03,SF,23,,01,시작 전,,
SC03SF23012103,소화설비,완강기,ABC분말소화기,2021년 6월 10일,각 실,03,3.3KG,월,52,SC03SF23012103,2103,21,2103,,백운스포츠센터팀,백운스포츠센터,,소방안전대행 점검 실시(월1회),백운스포츠센터 소화설비,SC,SC03,03,SF,23,,01,시작 전,,
SC03SF23012005,소화설비,완강기,청정소화기(ABC),2020년 10월 20일,"전기실, 통신실",05,3.5kg,월,3,SC03SF23012005,2005,20,2005,,백운스포츠센터팀,백운스포츠센터,,소방안전대행 점검 실시(월1회),백운스포츠센터 소화설비,SC,SC03,03,SF,23,,01,시작 전,,
SC03SF25012007,소화설비,방화셔터,가스식 자동소화장치,2020년 10월 20일,각층 EPS실 등,07,질소 충전방식,월,10,SC03SF25012007,2007,20,2007,,백운스포츠센터팀,백운스포츠센터,,소방안전대행 점검 실시(월1회),백운스포츠센터 소화설비,SC,SC03,03,SF,25,,01,시작 전,,
SC03SF25012007,소화설비,방화셔터,가스식 자동소화장치,2020년 10월 20일,각층 EPS실 등,07,질소 충전방식,월,10,SC03SF25012007,2007,20,2007,,백운스포츠센터팀,백운스포츠센터,,소방안전대행 점검 실시(월1회),백운스포츠센터 소화설비,SC,SC03,03,SF,25,,01,시작 전,,
SC03SF25012007,소화설비,방화셔터,가스식 자동소화장치,2020년 10월 20일,각층 EPS실 등,07,질소 충전방식,월,10,SC03SF25012007,2007,20,2007,,백운스포츠센터팀,백운스포츠센터,,소방안전대행 점검 실시(월1회),백운스포츠센터 소화설비,SC,SC03,03,SF,25,,01,시작 전,,
SC03SF25012007,소화설비,방화셔터,가스식 자동소화장치,2020년 10월 20일,각층 EPS실 등,07,질소 충전방식,월,10,SC03SF25012007,2007,20,2007,,백운스포츠센터팀,백운스포츠센터,,소방안전대행 점검 실시(월1회),백운스포츠센터 소화설비,SC,SC03,03,SF,25,,01,시작 전,,
SC03SF26B2012010,소화설비,연결송수구,방화셔터(연동제어기),2020년 10월 20일,1층 전망대 및 지하 추차장,10,0,월,2,SC03SF26B2012010,2010,20,2010,,백운스포츠센터팀,백운스포츠센터,,0,백운스포츠센터 소화설비,SC,SC03,03,SF,26,B2,01,시작 전,,
SC03SF26012010,소화설비,연결송수구,방화셔터(연동제어기),2020년 10월 20일,1층 전망대 및 지하 추차장,10,0,월,2,SC03SF26012010,2010,20,2010,,백운스포츠센터팀,백운스포츠센터,,0,백운스포츠센터 소화설비,SC,SC03,03,SF,26,,01,시작 전,,
SC03SF27OD012010,소화설비,소방설비(기타),연결송수구,2020년 10월 20일,1층 옥외 주 출입구,10,옥내소화전 및 스프링클러 겸용,월,1,SC03SF27OD012010,2010,20,2010,,백운스포츠센터팀,백운스포츠센터,,0,백운스포츠센터 소화설비,SC,SC03,03,SF,27,OD,01,시작 전,,
SC03SW01B22006,수영장설비,수영장 순환펌프,수영장 순환펌프,2020년 8월 20일,지하2층 수처리실,06,79.98m3/h,월,2,SC03SW01B22006,2006,20,2006,,백운스포츠센터팀,백운스포츠센터,,0,백운스포츠센터 수영장설비,SC,SC03,03,SW,01,B2,,시작 전,,
SC03SW02B22006,수영장설비,수영장 물난방 순환펌프,수영장 물 난방순환펌프,2020년 8월 20일,지하2층 기계실,06,0.86m3/h,월,2,SC03SW02B22006,2006,20,2006,,백운스포츠센터팀,백운스포츠센터,,0,백운스포츠센터 수영장설비,SC,SC03,03,SW,02,B2,,시작 전,,
SC03SW03B2012005,수영장설비,발란싱탱크,밸렁싱탱크,2020년 8월 20일,지하2층 수처리실,05,16.5톤(유효:15톤),수시,1,SC03SW03B2012005,2005,20,2005,,백운스포츠센터팀,백운스포츠센터,,수영장 규모에 비하여 탱크용량 부족(많은 인원 이용시 물 유실되어 수영장 물 및 온도 보존하기 어려움),백운스포츠센터 수영장설비,SC,SC03,03,SW,03,B2,01,시작 전,,
SC03SW05B2012009,수영장설비,수영장 여과기,다층 여과기,2020년 10월 20일,지하2층 수처리실,09,1500*1830,수시,1,SC03SW05B2012009,2009,20,2009,,백운스포츠센터팀,백운스포츠센터,,0,백운스포츠센터 수영장설비,SC,SC03,03,SW,05,B2,01,시작 전,,
SC03SW06B22010,수영장설비,집모기,집모기,2020년 10월 20일,지하2층 수처리실,10,0,월,2,SC03SW06B22010,2010,20,2010,,백운스포츠센터팀,백운스포츠센터,,0,백운스포츠센터 수영장설비,SC,SC03,03,SW,06,B2,,시작 전,,
SC03SW071F012108,수영장설비,수중클리너,수영장 수중 청소기,2021년 6월 20일,지합층 수영장 내 창고,08,33000l/h 25m용,수시,1,SC03SW071F012108,2108,21,2108,,백운스포츠센터팀,백운스포츠센터,,2년 무상A/S,백운스포츠센터 수영장설비,SC,SC03,03,SW,07,1F,01,시작 전,,
SC03SW09B2022009,수영장설비,수영장 PLC판넬,수영장 PLC판넬,2020년 10월 20일,지하2층 수처리실,09,수영장 각종 제어,수시,1,SC03SW09B2022009,2009,20,2009,,백운스포츠센터팀,백운스포츠센터,,0,백운스포츠센터 수영장설비,SC,SC03,03,SW,09,B2,02,시작 전,,
SC03SW10B22007,수영장설비,수영장설비(기타),여과기 자동밸브,2020년 10월 20일,지하2층 수처리실,07,0,월,5,SC03SW10B22007,2007,20,2007,,백운스포츠센터팀,백운스포츠센터,,고장 발생시 수동 작동법 숙지 필요,백운스포츠센터 수영장설비,SC,SC03,03,SW,10,B2,,시작 전,,
SC03WA02B22008,저수조설비,저수조설비,저수조,2020년 8월 20일,지하2층 물탱크실,08,75톤(유효수량50톤),월,1,SC03WA02B22008,2008,20,2008,,백운스포츠센터팀,백운스포츠센터,,0,백운스포츠센터 저수조설비,SC,SC03,03,WA,02,B2,,시작 전,,
SC03WT06B22007,수처리설비,급수펌프,급수펌프,2020년 8월 20일,지하2층 기계실,07,3kw부스터형(일체형),월,1,SC03WT06B22007,2007,20,2007,,백운스포츠센터팀,백운스포츠센터,,0,백운스포츠센터 수처리설비,SC,SC03,03,WT,06,B2,,시작 전,,
SC03WT07B22007,수처리설비,배수펌프,졸러(zoller)펌프(샤워장용),2020년 10월 19일,지하2층 수처리실,07,2100L,월,1,SC03WT07B22007,2007,20,2007,,백운스포츠센터팀,백운스포츠센터,,0,백운스포츠센터 수처리설비,SC,SC03,03,WT,07,B2,,시작 전,,
SC03WT07B22007,수처리설비,배수펌프,졸러(zoller)펌프(오배수용),2020년 10월 19일,지하2층 수처리실,07,1400L,월,1,SC03WT07B22007,2007,20,2007,,백운스포츠센터팀,백운스포츠센터,,0,백운스포츠센터 수처리설비,SC,SC03,03,WT,07,B2,,시작 전,,
SC03WT08B22007,수처리설비,배수수중펌프,기계실 배수펌프,2020년 10월 20일,지하2층 기계실,07,0,월,2,SC03WT08B22007,2007,20,2007,,백운스포츠센터팀,백운스포츠센터,,0,백운스포츠센터 수처리설비,SC,SC03,03,WT,08,B2,,시작 전,,
SC03WT08B22007,수처리설비,배수수중펌프,수처리실 배수펌프,2020년 10월 20일,지하2층 수처리실,07,297L/MIN,월,2,SC03WT08B22007,2007,20,2007,,백운스포츠센터팀,백운스포츠센터,,0,백운스포츠센터 수처리설비,SC,SC03,03,WT,08,B2,,시작 전,,
SC03WT08B22007,수처리설비,배수수중펌프,지하주차장 배수펌프,2020년 10월 20일,지하2층 주차장,07,72 L/MIN,월,2,SC03WT08B22007,2007,20,2007,,백운스포츠센터팀,백운스포츠센터,,0,백운스포츠센터 수처리설비,SC,SC03,03,WT,08,B2,,시작 전,,
SC032010,미분류설비,미등록설비,시설,2020년 10월 20일,1층 및 옥상,10,0,분기,1,SC032010,2010,20,2010,,백운스포츠센터팀,백운스포츠센터,,0,백운스포츠센터 미분류설비,SC,SC03,03,,,,,시작 전,,
SC04AT021F01227,건축설비,건축실내(비고정물),진공청소기,2022년 2월 9일,청사사무실,7,0,년,2,SC04AT021F01227,227,22,227,,포일스포츠센터팀,포일스포츠센터,,0,포일스포츠센터 건축설비,SC,SC04,04,AT,02,1F,01,시작 전,,
SC04BC033F01208,방송설비,전관방송설비,강습용 음향기기(무선마이크 장치),2020년 11월 19일,포일스포츠센터,8,900MHz 1채널,년,1,SC04BC033F01208,208,20,208,,포일스포츠센터팀,포일스포츠센터,,,포일스포츠센터 방송설비,SC,SC04,04,BC,03,3F,01,시작 전,,
SC04BC052F01217,방송설비,무선마이크,무선마이크장치,2021년 3월 4일,사무실,7,900MHz 1채널,년,1,SC04BC052F01217,217,21,217,,포일스포츠센터팀,포일스포츠센터,,,포일스포츠센터 방송설비,SC,SC04,04,BC,05,2F,01,시작 전,,
SC04EX022F01210,운동설비,볼링장,볼링장시설,2021년 2월 1일,2층 볼링장,0,0,수시,18,SC04EX022F01210,210,21,210,,포일스포츠센터팀,포일스포츠센터,,0,포일스포츠센터 운동설비,SC,SC04,04,EX,02,2F,01,시작 전,,
SC04EX022F01205,운동설비,볼링장,핀세터,2020년 4월 10일,2층 볼링장,5,gs-x,수시,18,SC04EX022F01205,205,20,205,,포일스포츠센터팀,포일스포츠센터,,0,포일스포츠센터 운동설비,SC,SC04,04,EX,02,2F,01,시작 전,,
SC04EX022F01215,운동설비,볼링장,레인 정비기계,2021년 2월 1일,2층 볼링장,5,케겔 플렉스 워커,수시,1,SC04EX022F01215,215,21,215,,포일스포츠센터팀,포일스포츠센터,,0,포일스포츠센터 운동설비,SC,SC04,04,EX,02,2F,01,시작 전,,
SC04EX022F01215,운동설비,볼링장,레인 정비기계,2021년 2월 1일,2층 볼링장,5,브런스윅 맥스,수시,1,SC04EX022F01215,215,21,215,,포일스포츠센터팀,포일스포츠센터,,0,포일스포츠센터 운동설비,SC,SC04,04,EX,02,2F,01,시작 전,,
SC04EX022F01205,운동설비,볼링장,볼리턴기,2020년 4월 10일,2층 볼링장,5,브런스윅,수시,9,SC04EX022F01205,205,20,205,,포일스포츠센터팀,포일스포츠센터,,0,포일스포츠센터 운동설비,SC,SC04,04,EX,02,2F,01,시작 전,,
SC04EX022F01205,운동설비,볼링장,"레인,어프로치,파울라인",2020년 4월 10일,2층 볼링장,5,0,수시,18,SC04EX022F01205,205,20,205,,포일스포츠센터팀,포일스포츠센터,,0,포일스포츠센터 운동설비,SC,SC04,04,EX,02,2F,01,시작 전,,
SC04EX022F012210,운동설비,볼링장,호이스트,2022년 8월 29일,2층 볼링장,10,DSS-0.5S,수시,1,SC04EX022F012210,2210,22,2210,,포일스포츠센터팀,포일스포츠센터,,,포일스포츠센터 운동설비,SC,SC04,04,EX,02,2F,01,시작 전,,
SC04EX022F01205,운동설비,볼링장,SYNC 테블릿,2020년 4월 10일,2층 볼링장,5,0,수시,9,SC04EX022F01205,205,20,205,,포일스포츠센터팀,포일스포츠센터,,0,포일스포츠센터 운동설비,SC,SC04,04,EX,02,2F,01,시작 전,,
SC04SW07B101215,수영장설비,수중클리너,수중청소기(자동형),2021년 6월 18일,수영장,5,,년,1,SC04SW07B101215,215,21,215,,포일스포츠센터팀,포일스포츠센터,,,포일스포츠센터 수영장설비,SC,SC04,04,SW,07,B1,01,시작 전,,
SC05AT01B1012110,건축설비,건축실내(고정물),남녀 탈의실,2021년 5월 21일,지하1층,10,0,수시,1,SC05AT01B1012110,2110,21,2110,,백운스포츠센터팀,평생학습관수영장,,0,평생학습관수영장 건축설비,SC,SC05,05,AT,01,B1,01,시작 전,,
SC05AT01B1012110,건축설비,건축실내(고정물),남녀샤워실,2021년 5월 21일,지하1층,10,0,수시,1,SC05AT01B1012110,2110,21,2110,,백운스포츠센터팀,평생학습관수영장,,0,평생학습관수영장 건축설비,SC,SC05,05,AT,01,B1,01,시작 전,,
SC05AT01B1012110,건축설비,건축실내(고정물),수영강사실,2021년 5월 21일,지하1층,10,0,수시,1,SC05AT01B1012110,2110,21,2110,,백운스포츠센터팀,평생학습관수영장,,0,평생학습관수영장 건축설비,SC,SC05,05,AT,01,B1,01,시작 전,,
SC05AT013F012110,건축설비,건축실내(고정물),운영사무실,2021년 5월 21일,3층,10,0,수시,1,SC05AT013F012110,2110,21,2110,,백운스포츠센터팀,평생학습관수영장,,0,평생학습관수영장 건축설비,SC,SC05,05,AT,01,3F,01,시작 전,,
SC05AT01B1012210,건축설비,건축실내(고정물),전자락카,2022년 4월 20일,탈의실,10,0,수시,2,SC05AT01B1012210,2210,22,2210,,백운스포츠센터팀,평생학습관수영장,,0,평생학습관수영장 건축설비,SC,SC05,05,AT,01,B1,01,시작 전,,
SC05BC06B1012108,방송설비,음향기기,이동형 음향설비,2021년 5월 21일,수영장,08,0,수시,1,SC05BC06B1012108,2108,21,2108,,백운스포츠센터팀,평생학습관수영장,,0,평생학습관수영장 방송설비,SC,SC05,05,BC,06,B1,01,시작 전,,
SC05IT02B1012108,전산설비,전산장비(기타),안내데스크 전산장비,2021년 5월 21일,지하1층,08,0,수시,1,SC05IT02B1012108,2108,21,2108,,백운스포츠센터팀,평생학습관수영장,,0,평생학습관수영장 전산설비,SC,SC05,05,IT,02,B1,01,시작 전,,
SC05SW01B1012108,수영장설비,수영장 순환펌프,수중크리너,2021년 5월 21일,평생학습관수영장,08,0,수시,2,SC05SW01B1012108,2108,21,2108,,백운스포츠센터팀,평생학습관수영장,,0,평생학습관수영장 수영장설비,SC,SC05,05,SW,01,B1,01,시작 전,,
SC05SW02B1012110,수영장설비,수영장 물난방 순환펌프,수영장시설,2021년 5월 21일,지하1층,10,0,수시,1,SC05SW02B1012110,2110,21,2110,,백운스포츠센터팀,평생학습관수영장,,0,평생학습관수영장 수영장설비,SC,SC05,05,SW,02,B1,01,시작 전,,
SP02AT01010300,건축설비,건축실내(고정물),전체시설물,2003년 4월 14일,부곡체육공원,00,0,수시,1,SP02AT01010300,0300,03,0300,,부곡스포츠센터팀,부곡체육공원,,0,부곡체육공원 건축설비,SP,SP02,02,AT,01,,01,시작 전,,
SP02BC02010708,방송설비,방송장비,방송장비,2007년 7월 13일,관리사무소,08,0,수시,1,SP02BC02010708,0708,07,0708,,부곡스포츠센터팀,부곡체육공원,,0,부곡체육공원 방송설비,SP,SP02,02,BC,02,,01,시작 전,,
SP02BO08011610,열원설비,전기온수기,축열식 전기온수기,2016년 6월 1일,샤워장,10,720*765*2090,수시,1,SP02BO08011610,1610,16,1610,,부곡스포츠센터팀,부곡체육공원,,0,부곡체육공원 열원설비,SP,SP02,02,BO,08,,01,시작 전,,
SP02BO08011610,열원설비,전기온수기,전기온수기,2016년 6월 1일,샤워실,10,∅737*1588,수시,1,SP02BO08011610,1610,16,1610,,부곡스포츠센터팀,부곡체육공원,,0,부곡체육공원 열원설비,SP,SP02,02,BO,08,,01,시작 전,,
SP02CS08012108,공조설비,냉온풍기,냉온풍기,2021년 10월 22일,부곡다목적체육관,08,0,수시,6,SP02CS08012108,2108,21,2108,,부곡스포츠센터팀,부곡체육공원,,문화체육과에서 설치,부곡체육공원 공조설비,SP,SP02,02,CS,08,,01,시작 전,,
SP02SF11010510,소화설비,프리액션밸브,수신기,2005년 8월 1일,다목적체육관,10,0,월,1,SP02SF11010510,0510,05,0510,,부곡스포츠센터팀,부곡체육공원,,0,부곡체육공원 소화설비,SP,SP02,02,SF,11,,01,시작 전,,
SP02SF13010510,소화설비,화재수신기,발신기,2005년 8월 1일,다목적체육관,10,0,월,2,SP02SF13010510,0510,05,0510,,부곡스포츠센터팀,부곡체육공원,,0,부곡체육공원 소화설비,SP,SP02,02,SF,13,,01,시작 전,,
SP02SF23012110,소화설비,완강기,소화기,2021년 1월 1일,실내,10,3.3KG,월,10,SP02SF23012110,2110,21,2110,,부곡스포츠센터팀,부곡체육공원,,0,부곡체육공원 소화설비,SP,SP02,02,SF,23,,01,시작 전,,
SP02SF23012110,소화설비,완강기,소화기,2021년 1월 1일,다목적체육관 3개소,10,3.3kg,월,3,SP02SF23012110,2110,21,2110,,부곡스포츠센터팀,부곡체육공원,,0,부곡체육공원 소화설비,SP,SP02,02,SF,23,,01,시작 전,,
SP02SF02010509,소화설비,소방엔진펌프,소방펌프,2005년 3월 17일,다목적체육관 펌프실,09,0,월,2,SP02SF02010509,0509,05,0509,,부곡스포츠센터팀,부곡체육공원,,0,부곡체육공원 소화설비,SP,SP02,02,SF,02,,01,시작 전,,
SP02SF06010510,소화설비,가스식 자동 소화장치,스프링쿨러,2005년 8월 1일,다목적체육관 천장,10,0,월,108,SP02SF06010510,0510,05,0510,,부곡스포츠센터팀,부곡체육공원,,0,부곡체육공원 소화설비,SP,SP02,02,SF,06,,01,시작 전,,
SP03AT03OD011101,건축설비,건축실외(고정물),농구장 및 족구장,2011년 5월 1일,체육관 앞,01,0,수시,1,SP03AT03OD011101,1101,11,1101,,백운스포츠센터팀,고천체육공원,,0,고천체육공원 건축설비,SP,SP03,03,AT,03,OD,01,시작 전,,
SP03AT03OD012110,건축설비,건축실외(고정물),단상,2021년 5월 21일,공원,10,0,수시,1,SP03AT03OD012110,2110,21,2110,,백운스포츠센터팀,고천체육공원,,0,고천체육공원 건축설비,SP,SP03,03,AT,03,OD,01,시작 전,,
SP03AT03OD012110,건축설비,건축실외(고정물),야외벤치,2021년 5월 21일,공원,10,0,수시,10,SP03AT03OD012110,2110,21,2110,,백운스포츠센터팀,고천체육공원,,0,고천체육공원 건축설비,SP,SP03,03,AT,03,OD,01,시작 전,,
SP03AT03OD012410,건축설비,건축실외(고정물),어린이 놀이시설,2024년 1월 1일,체육관 앞,10,0,수시,1,SP03AT03OD012410,2410,24,2410,,백운스포츠센터팀,고천체육공원,,0,고천체육공원 건축설비,SP,SP03,03,AT,03,OD,01,시작 전,,
SP03AT01ID012310,건축설비,건축실내(고정물),샤워장,2023년 8월 29일,다목적체육관,10,0,수시,2,SP03AT01ID012310,2310,23,2310,,백운스포츠센터팀,고천체육공원,,0,고천체육공원 건축설비,SP,SP03,03,AT,01,ID,01,시작 전,,
SP03AT03OD012210,건축설비,건축실외(고정물),게이트볼장,2022년 11월 15일,게이트볼장,10,0,수시,1,SP03AT03OD012210,2210,22,2210,,백운스포츠센터팀,고천체육공원,,0,고천체육공원 건축설비,SP,SP03,03,AT,03,OD,01,시작 전,,
SP03AT03OD012220,건축설비,건축실외(고정물),공원 화장실,2022년 11월 15일,체육공원,20,0,수시,1,SP03AT03OD012220,2220,22,2220,,백운스포츠센터팀,고천체육공원,,0,고천체육공원 건축설비,SP,SP03,03,AT,03,OD,01,시작 전,,
SP03AT01ID1101,건축설비,건축실내(고정물),다목적체육관 창호,2011년 5월 1일,체육관 내,01,,수시,1,SP03AT01ID1101,1101,11,1101,,백운스포츠센터팀,고천체육공원,,,고천체육공원 건축설비,SP,SP03,03,AT,01,ID,,시작 전,,
SP03AT04OD2210,건축설비,건축실외(비고정물),기타장비,2022년 11월 15일,체육공원,10,0,수시,1,SP03AT04OD2210,2210,22,2210,,백운스포츠센터팀,고천체육공원,,0,고천체육공원 건축설비,SP,SP03,03,AT,04,OD,,시작 전,,
SP03AT02ID1101,건축설비,건축실내(비고정물),전기청소기,2011년 5월 1일,체육관 내,01,0,수시,1,SP03AT02ID1101,1101,11,1101,,백운스포츠센터팀,고천체육공원,,0,고천체육공원 건축설비,SP,SP03,03,AT,02,ID,,시작 전,,
SP03AT01ID1101,건축설비,건축실내(고정물),다목적체육관시설물,2011년 5월 1일,고천다목적체육관,01,0,수시,1,SP03AT01ID1101,1101,11,1101,,백운스포츠센터팀,고천체육공원,,0,고천체육공원 건축설비,SP,SP03,03,AT,01,ID,,시작 전,,
SP03BC02ID0710,방송설비,방송장비,방송장비,2007년 7월 13일,체육관 사무실,10,,수시,1,SP03BC02ID0710,0710,07,0710,,백운스포츠센터팀,고천체육공원,,,고천체육공원 방송설비,SP,SP03,03,BC,02,ID,,시작 전,,
SP03BO08ID1510,열원설비,전기온수기,전기온수기,2015년 7월 1일,샤워실,10,0,수시,2,SP03BO08ID1510,1510,15,1510,,백운스포츠센터팀,고천체육공원,,0,고천체육공원 열원설비,SP,SP03,03,BO,08,ID,,시작 전,,
SP03BO08ID1410,열원설비,전기온수기,축열식 전기온수기,2014년 1월 9일,관리동,10,1200*1266mm,수시,1,SP03BO08ID1410,1410,14,1410,,백운스포츠센터팀,고천체육공원,,0,고천체육공원 열원설비,SP,SP03,03,BO,08,ID,,시작 전,,
SP03CS03ID011510,공조설비,EHP,냉난방기,2015년 1월 1일,다목적체육관,10,0,수시,3,SP03CS03ID011510,1510,15,1510,,백운스포츠센터팀,고천체육공원,,0,고천체육공원 공조설비,SP,SP03,03,CS,03,ID,01,시작 전,,
SP03CS09ID012109,공조설비,항온항습기,항온항습기,2021년 9월 30일,체육관 내,09,900*2050*760,수시,6,SP03CS09ID012109,2109,21,2109,,백운스포츠센터팀,고천체육공원,,0,고천체육공원 공조설비,SP,SP03,03,CS,09,ID,01,시작 전,,
SP03EL01ID011101,전기설비,수변전설비,체육관전기설비,2011년 5월 1일,체육관 내,01,,수시,1,SP03EL01ID011101,1101,11,1101,,백운스포츠센터팀,고천체육공원,,,고천체육공원 전기설비,SP,SP03,03,EL,01,ID,01,시작 전,,
SP03IT02ID1101,전산설비,전산장비(기타),전산장비,2011년 5월 1일,운영사무실,01,0,수시,1,SP03IT02ID1101,1101,11,1101,,백운스포츠센터팀,고천체육공원,,0,고천체육공원 전산설비,SP,SP03,03,IT,02,ID,,시작 전,,
SP03PA01OD2330,미분류설비,미등록설비,주차장,2023년 11월 15일,체육공원,30,0,수시,1,SP03PA01OD2330,2330,23,2330,,백운스포츠센터팀,고천체육공원,,0,고천체육공원 미분류설비,SP,SP03,03,PA,01,OD,,시작 전,,
SP03SF11ID011010,소화설비,프리액션밸브,수신기,2010년 4월 1일,고천다목적체육관,10,0,월,1,SP03SF11ID011010,1010,10,1010,,백운스포츠센터팀,고천체육공원,,0,고천체육공원 소화설비,SP,SP03,03,SF,11,ID,01,시작 전,,
SP03SF02ID1010,소화설비,소방엔진펌프,소방펌프,2010년 4월 1일,체육관 펌프실,10,0,월,1,SP03SF02ID1010,1010,10,1010,,백운스포츠센터팀,고천체육공원,,0,고천체육공원 소화설비,SP,SP03,03,SF,02,ID,,시작 전,,
SP03SF02OD1010,소화설비,소방엔진펌프,소방펌프,2010년 4월 1일,주차장 펌프실,10,0,월,1,SP03SF02OD1010,1010,10,1010,,백운스포츠센터팀,고천체육공원,,0,고천체육공원 소화설비,SP,SP03,03,SF,02,OD,,시작 전,,
SP03SF23ID1110,소화설비,완강기,소화기,2011년 4월 1일,실내,10,3.3KG,월,2,SP03SF23ID1110,1110,11,1110,,백운스포츠센터팀,고천체육공원,,0,고천체육공원 소화설비,SP,SP03,03,SF,23,ID,,시작 전,,
SP03SF23ID1110,소화설비,완강기,소화기,2011년 4월 1일,실내,10,3.3kg,월,16,SP03SF23ID1110,1110,11,1110,,백운스포츠센터팀,고천체육공원,,0,고천체육공원 소화설비,SP,SP03,03,SF,23,ID,,시작 전,,
SP03SF06ID1010,소화설비,가스식 자동 소화장치,스프링쿨러,2010년 4월 1일,체육관 천장,10,,월,188,SP03SF06ID1010,1010,10,1010,,백운스포츠센터팀,고천체육공원,,,고천체육공원 소화설비,SP,SP03,03,SF,06,ID,,시작 전,,
SP03SF07OD1010,소화설비,CO2호스필 설비,CO2 호스릴 설비,2010년 4월 1일,주차장,10,,월,9,SP03SF07OD1010,1010,10,1010,,백운스포츠센터팀,고천체육공원,,,고천체육공원 소화설비,SP,SP03,03,SF,07,OD,,시작 전,,
SI02BO06ID011910,열원설비,가스온수보일러,가스온수보일러,2019년 12월 11일,탁구장,10,0,월,1,SI02BO06ID011910,1910,19,1910,,포일스포츠센터팀,내손탁구장,,0,내손탁구장 열원설비,SI,SI02,02,BO,06,ID,01,시작 전,,
LS01EL01ID01140,전기설비,수변전설비,수전설비,2014년 4월 4일,휴양림 내,0,450Kw,월,1,LS01EL01ID01140,140,14,140,,바라산휴양림팀,바라산휴양림,,0,바라산휴양림 전기설비,LS,LS01,01,EL,01,ID,01,시작 전,,
LS01SF27ID01199,소화설비,소방설비(기타),비상소화장치,2019년 8월 16일,바라산휴양림,9,1000*1350*650,월,1,LS01SF27ID01199,199,19,199,,바라산휴양림팀,바라산휴양림,,0,바라산휴양림 소화설비,LS,LS01,01,SF,27,ID,01,시작 전,,
LS01SF27OD01209,소화설비,소방설비(기타),비상소화장치,2020년 3월 10일,바라산휴양림,9,1000*1350*650,월,1,LS01SF27OD01209,209,20,209,,바라산휴양림팀,바라산휴양림,,0,바라산휴양림 소화설비,LS,LS01,01,SF,27,OD,01,시작 전,,
LS01SF27OD01209,소화설비,소방설비(기타),산불소화장치,2020년 3월 10일,바라산휴양림,9,1320*2000*1000,월,1,LS01SF27OD01209,209,20,209,,바라산휴양림팀,바라산휴양림,,0,바라산휴양림 소화설비,LS,LS01,01,SF,27,OD,01,시작 전,,
LS01SF27OD01209,소화설비,소방설비(기타),비상소화장치,2020년 3월 10일,바라산휴양림,9,1000*1350*650,월,1,LS01SF27OD01209,209,20,209,,바라산휴양림팀,바라산휴양림,,0,바라산휴양림 소화설비,LS,LS01,01,SF,27,OD,01,시작 전,,
LS01SF05OD01110,소화설비,소화기,소화기,2011년 1월 25일,휴양림,0,0,월,71,LS01SF05OD01110,110,11,110,,바라산휴양림팀,바라산휴양림,,0,바라산휴양림 소화설비,LS,LS01,01,SF,05,OD,01,시작 전,,
LS01SF05ID01200,소화설비,소화기,WME,2020년 1월 1일,휴양림,0,,월,1,LS01SF05ID01200,200,20,200,,바라산휴양림팀,바라산휴양림,,,바라산휴양림 소화설비,LS,LS01,01,SF,05,ID,01,시작 전,,
LS06AT01ID01170,건축설비,건축실내(고정물),컨베이어 벨트,2017년 7월 1일,종량제물품 창고,0,0,수시,1,LS06AT01ID01170,170,17,170,,바라산휴양림팀,미등록시설,,0,미등록시설 건축설비,LS,LS06,06,AT,01,ID,01,시작 전,,
LS06AT04ID01138,건축설비,건축실외(비고정물),배송차량,2013년 3월 26일,종량제물품 사무실,8,그랜드 스타렉스,수시,1,LS06AT04ID01138,138,13,138,,바라산휴양림팀,미등록시설,,0,미등록시설 건축설비,LS,LS06,06,AT,04,ID,01,시작 전,,
LS02EV01011115,승강설비,승강기,승강기,2011년 7월 5일,조류생태과학관,15,17인승 1150kg,월,1,LS02EV01011115,1115,11,1115,,바라산휴양림팀,조류생태과학관,,승객·장애인용,조류생태과학관 승강설비,LS,LS02,02,EV,01,,01,시작 전,,
LS02EL04B11220,전기설비,전기설비(기타),전기설비,2012년 4월 12일,조류생태과학관,20,400KW,월,1,LS02EL04B11220,1220,12,1220,,바라산휴양림팀,조류생태과학관,,0,조류생태과학관 전기설비,LS,LS02,02,EL,04,B1,,시작 전,,
LS02EL04B11215,전기설비,전기설비(기타),전기점검,2012년 4월 12일,조류생태과학관,15,0,월,3,LS02EL04B11215,1215,12,1215,,바라산휴양림팀,조류생태과학관,,0,조류생태과학관 전기설비,LS,LS02,02,EL,04,B1,,시작 전,,
LS02SF161215,소화설비,경보설비,경보설비,2012년 4월 24일,조류생태과학관,15,0,월,1,LS02SF161215,1215,12,1215,,바라산휴양림팀,조류생태과학관,,0,조류생태과학관 소화설비,LS,LS02,02,SF,16,,,시작 전,,
LS02SF051220,소화설비,소화기,소화설비,2012년 4월 24일,조류생태과학관,20,3.3kg,월,1,LS02SF051220,1220,12,1220,,바라산휴양림팀,조류생태과학관,,0,조류생태과학관 소화설비,LS,LS02,02,SF,05,,,시작 전,,
LS02SF231110,소화설비,완강기,완강기,2011년 4월 24일,조류생태과학관,10,0,월,1,LS02SF231110,1110,11,1110,,바라산휴양림팀,조류생태과학관,,0,조류생태과학관 소화설비,LS,LS02,02,SF,23,,,시작 전,,
LS02SF201100,소화설비,유도등,유도등,2011년 4월 24일,조류생태과학관,00,0,월,1,LS02SF201100,1100,11,1100,,바라산휴양림팀,조류생태과학관,,0,조류생태과학관 소화설비,LS,LS02,02,SF,20,,,시작 전,,
LS021200,미분류설비,미등록설비,"방역, 소독",2012년 4월 24일,조류생태과학관,00,0,수시,0,LS021200,1200,12,1200,,바라산휴양림팀,조류생태과학관,,0,조류생태과학관 미분류설비,LS,LS02,02,,,,,시작 전,,
LS03AT04OD011809,건축설비,건축실외(비고정물),에코카,2018년 4월 1일,캠핑장 내,09,3300*1180*1850,월,1,LS03AT04OD011809,1809,18,1809,,왕송호수레저팀,왕송호수캠핑장,,0,왕송호수캠핑장 건축설비,LS,LS03,03,AT,04,OD,01,시작 전,,
LS03AT03OD1809,건축설비,건축실외(고정물),글램핑,2018년 4월 1일,캠핑장 내,09,7000*9500*3500,수시,15,LS03AT03OD1809,1809,18,1809,,왕송호수레저팀,왕송호수캠핑장,,0,왕송호수캠핑장 건축설비,LS,LS03,03,AT,03,OD,,시작 전,,
LS03AT03OD1810,건축설비,건축실외(고정물),카라반,2018년 4월 1일,캠핑장 내,10,6070*2170*2240,수시,10,LS03AT03OD1810,1810,18,1810,,왕송호수레저팀,왕송호수캠핑장,,0,왕송호수캠핑장 건축설비,LS,LS03,03,AT,03,OD,,시작 전,,
LS03AT01ID1840,건축설비,건축실내(고정물),사무동 등,2018년 4월 1일,캠핑장 내,40,지상2층(건축면적181㎡),수시,2,LS03AT01ID1840,1840,18,1840,,왕송호수레저팀,왕송호수캠핑장,,0,왕송호수캠핑장 건축설비,LS,LS03,03,AT,01,ID,,시작 전,,
LS03AT03OD,건축설비,건축실외(고정물),간판,2018년 4월 1일,캠핑장 내,08,535*80*21(한글자당60*80*21),월,1,LS03AT03OD1808,,18,1808,,왕송호수레저팀,왕송호수캠핑장,,led,왕송호수캠핑장 건축설비,LS,LS03,03,AT,03,OD,,시작 전,,
LS03BC07ID1810,방송설비,방송장비(기타),방송설비,2018년 4월 1일,"사무동, 매표동",10,530*500*540,월,1,LS03BC07ID1810,1810,18,1810,,왕송호수레저팀,왕송호수캠핑장,,0,왕송호수캠핑장 방송설비,LS,LS03,03,BC,07,ID,,시작 전,,
LS03BC01OD,방송설비,CCTV,CCTV카메라,2018년 4월 1일,캠핑장 내,06,86.6*85*117.7,월,24,LS03BC01OD1806,,18,1806,,왕송호수레저팀,왕송호수캠핑장,,0,왕송호수캠핑장 방송설비,LS,LS03,03,BC,01,OD,,시작 전,,
LS03CS03ID1809,공조설비,EHP,냉난방기,2018년 4월 1일,캠핑장 내,09,715*285*194,월,39,LS03CS03ID1809,1809,18,1809,,왕송호수레저팀,왕송호수캠핑장,,0,왕송호수캠핑장 공조설비,LS,LS03,03,CS,03,ID,,시작 전,,
LS03SF16OD2110,소화설비,경보설비,화재알림시스템,2021년 8월 1일,"글램핑, 카라반 내",10,110*46.5,월,25,LS03SF16OD2110,2110,21,2110,,왕송호수레저팀,왕송호수캠핑장,,0,왕송호수캠핑장 소화설비,LS,LS03,03,SF,16,OD,,시작 전,,
LS03SF04OD2109,소화설비,옥외소화전,비상소화전,2021년 7월 9일,캠핑장 내,09,1000*1350*650,월,2,LS03SF04OD2109,2109,21,2109,,왕송호수레저팀,왕송호수캠핑장,,0,왕송호수캠핑장 소화설비,LS,LS03,03,SF,04,OD,,시작 전,,
LS04AT03OD1809,건축설비,건축실외(고정물),도착지 대기실,2018년 4월 1일,스카이레일(도착지),09,2300*2300*2800,수시,1,LS04AT03OD1809,1809,18,1809,,왕송호수레저팀,왕송스카이레일,,0,왕송스카이레일 건축설비,LS,LS04,04,AT,03,OD,,시작 전,,
LS04AT03OD1809,건축설비,건축실외(고정물),출발지 안전요원 대기실,2018년 4월 1일,스카이레일(출발지),09,1820*2500*2150,월,1,LS04AT03OD1809,1809,18,1809,,왕송호수레저팀,왕송스카이레일,,0,왕송스카이레일 건축설비,LS,LS04,04,AT,03,OD,,시작 전,,
LS04EV01OD2215,승강설비,승강기,스카이레일 승강기,2022년 8월 31일,스카이레일(출발지),15,장애인용/1000KG/13인용,월,1,LS04EV01OD2215,2215,22,2215,,왕송호수레저팀,왕송스카이레일,,0,왕송스카이레일 승강설비,LS,LS04,04,EV,01,OD,,시작 전,,
LS04EX03OD011808,운동설비,스카이레일,장비회수(감속기컨트롤러),2018년 4월 1일,스카이레일(도착지),08,90W,월,1,LS04EX03OD011808,1808,18,1808,,왕송호수레저팀,왕송스카이레일,,0,왕송스카이레일 운동설비,LS,LS04,04,EX,03,OD,01,시작 전,,
LS04EX03OD1809,운동설비,스카이레일,스카이레일 와이어,2018년 4월 1일,"스카이레일(출발지,도착지)",09,320M,수시,4,LS04EX03OD1809,1809,18,1809,,왕송호수레저팀,왕송스카이레일,,0,왕송스카이레일 운동설비,LS,LS04,04,EX,03,OD,,시작 전,,
LS04EX03OD1840,운동설비,스카이레일,스카이레일,2018년 4월 1일,스카이레일,40,"타워높이(출발지41M),(도착지10M)",수시,1,LS04EX03OD1840,1840,18,1840,,왕송호수레저팀,왕송스카이레일,,0,왕송스카이레일 운동설비,LS,LS04,04,EX,03,OD,,시작 전,,
LS04EX03OD1809,운동설비,스카이레일,기어드모터(장비회수장치),2018년 4월 1일,스카이레일(도착지),09,200W,월,1,LS04EX03OD1809,1809,18,1809,,왕송호수레저팀,왕송스카이레일,,0,왕송스카이레일 운동설비,LS,LS04,04,EX,03,OD,,시작 전,,
LS04EX03OD1809,운동설비,스카이레일,하차용계단,2018년 4월 1일,스카이레일(도착지),09,100*100*160,월,3,LS04EX03OD1809,1809,18,1809,,왕송호수레저팀,왕송스카이레일,,0,왕송스카이레일 운동설비,LS,LS04,04,EX,03,OD,,시작 전,,
LS04EX03OD1808,운동설비,스카이레일,도착지 안전망 쿠션,2018년 4월 1일,스카이레일(도착지),08,100*148*30,월,3,LS04EX03OD1808,1808,18,1808,,왕송호수레저팀,왕송스카이레일,,0,왕송스카이레일 운동설비,LS,LS04,04,EX,03,OD,,시작 전,,
LS04EX03OD1808,운동설비,스카이레일,도착지 짚스탑,2018년 4월 1일,스카이레일(도착지),08,길이 12.5m,월,3,LS04EX03OD1808,1808,18,1808,,왕송호수레저팀,왕송스카이레일,,0,왕송스카이레일 운동설비,LS,LS04,04,EX,03,OD,,시작 전,,
LS04EX03OD1808,운동설비,스카이레일,장비회수BOX,2018년 4월 1일,스카이레일(도착지),08,825*575*420,월,1,LS04EX03OD1808,1808,18,1808,,왕송호수레저팀,왕송스카이레일,,0,왕송스카이레일 운동설비,LS,LS04,04,EX,03,OD,,시작 전,,
LS04EX03OD2211,운동설비,스카이레일,에어컨콤프레샤,2022년 4월 1일,스카이레일(출발지),11,61*30*67,월,1,LS04EX03OD2211,2211,22,2211,,왕송호수레저팀,왕송스카이레일,,0,왕송스카이레일 운동설비,LS,LS04,04,EX,03,OD,,시작 전,,
PK01WA02011510,저수조설비,저수조설비,저수조,2015년 1월 30일,월암공영차고지 관리동 지하 1층,10,30m3,분기,1,PK01WA02011510,1510,15,1510,,교통시설팀,월암차고지,,0,월암차고지 저수조설비,PK,PK01,01,WA,02,,01,시작 전,,
PK01SF05011510,소화설비,소화기,소화기,2015년 1월 30일,월암공영차고지,10,3.3kg,월,11,PK01SF05011510,1510,15,1510,,교통시설팀,월암차고지,,0,월암차고지 소화설비,PK,PK01,01,SF,05,,01,시작 전,,
PK01SF20011504,소화설비,유도등,피난구 유도등,2015년 1월 30일,월암공영차고지 관리동,04,,월,20,PK01SF20011504,1504,15,1504,,교통시설팀,월암차고지,,,월암차고지 소화설비,PK,PK01,01,SF,20,,01,시작 전,,
PK01SF23011505,소화설비,완강기,완강기,2015년 1월 30일,월암공영차고지 관리동 3층 발코니,05,20m,월,1,PK01SF23011505,1505,15,1505,,교통시설팀,월암차고지,,,월암차고지 소화설비,PK,PK01,01,SF,23,,01,시작 전,,
PK01SF14011501,소화설비,감지기,자동화재 탐지설비,2015년 1월 30일,월암공영차고지 관리동,01,,월,8,PK01SF14011501,1501,15,1501,,교통시설팀,월암차고지,,,월암차고지 소화설비,PK,PK01,01,SF,14,,01,시작 전,,
PK01SF17011501,소화설비,시각경보기,시각경보기,2015년 1월 30일,월암공영차고지 관리동,01,,월,8,PK01SF17011501,1501,15,1501,,교통시설팀,월암차고지,,,월암차고지 소화설비,PK,PK01,01,SF,17,,01,시작 전,,
PK01IT02012201,전산설비,전산장비(기타),전산장비,2022년 12월 13일,월암,01,,수시,1,PK01IT02012201,2201,22,2201,,교통시설팀,월암차고지,,,월암차고지 전산설비,PK,PK01,01,IT,02,,01,시작 전,,
PK01EL01011510,전기설비,수변전설비,수전설비 및 변압기,2015년 1월 30일,월암공영차고지,10,"22900V, 400kw",수시,1,PK01EL01011510,1510,15,1510,,교통시설팀,월암차고지,,,월암차고지 전기설비,PK,PK01,01,EL,01,,01,시작 전,,
PK01DZ031805,재난설비,비상발전기,염화칼슘살포,2018년 12월 20일,차량,05,180kg,수시,1,PK01DZ031805,1805,18,1805,,교통시설팀,월암차고지,,,월암차고지 재난설비,PK,PK01,01,DZ,03,,,시작 전,,
PK01DZ032302,재난설비,비상발전기,염화칼슘살포기,2023년 1월 27일,월암차고지,02,,년,1,PK01DZ032302,2302,23,2302,,교통시설팀,월암차고지,,,월암차고지 재난설비,PK,PK01,01,DZ,03,,,시작 전,,
PK01BO01012110,열원설비,보일러,보일러 설비,2021년 8월 27일,월암공영차고지 관리동 지하 1틍,10,150000Kcal/hr,수시,1,PK01BO01012110,2110,21,2110,,교통시설팀,월암차고지,,0,월암차고지 열원설비,PK,PK01,01,BO,01,,01,시작 전,,
PK01BC012000,방송설비,CCTV,카메라,2020년 3월 1일,월암차고지,00,,수시,2,PK01BC012000,2000,20,2000,,교통시설팀,월암차고지,,,월암차고지 방송설비,PK,PK01,01,BC,01,,,시작 전,,
PK01AT03011500,건축설비,건축실외(고정물),"세차동,정비동,주차부지",2015년 9월 20일,월암차고지,00,0,수시,1,PK01AT03011500,1500,15,1500,,교통시설팀,월암차고지,,0,월암차고지 건축설비,PK,PK01,01,AT,03,,01,시작 전,,
PK01AT01012201,건축설비,건축실내(고정물),환경개선공사,2022년 12월 14일,관제센터,01,,수시,1,PK01AT01012201,2201,22,2201,,교통시설팀,월암차고지,,,월암차고지 건축설비,PK,PK01,01,AT,01,,01,시작 전,,
PK02AT012205,건축설비,건축실내(고정물),밸트교체,2022년 2월 28일,내손1.2.3,05,,수시,3,PK02AT012205,2205,22,2205,,교통시설팀,내손제1주차장,,,내손제1주차장 건축설비,PK,PK02,02,AT,01,,,시작 전,,
PK02AT022303,건축설비,건축실내(비고정물),전기시설교체 공,2023년 3월 23일,내손1,03,,수시,10,PK02AT022303,2303,23,2303,,교통시설팀,내손제1주차장,,,내손제1주차장 건축설비,PK,PK02,02,AT,02,,,시작 전,,
PK02AT012010,건축설비,건축실내(고정물),E/V,2020년 1월 1일,건물 내,10,10인승,월,6,PK02AT012010,2010,20,2010,,교통시설팀,내손제1주차장,,0,내손제1주차장 건축설비,PK,PK02,02,AT,01,,,시작 전,,
PK02AT012010,건축설비,건축실내(고정물),경보설비 일체,2020년 1월 1일,건축물 전체,10,p형1급 복수수신기,수시,7,PK02AT012010,2010,20,2010,,교통시설팀,내손제1주차장,,0,내손제1주차장 건축설비,PK,PK02,02,AT,01,,,시작 전,,
PK02AT022005,건축설비,건축실내(비고정물),소화기,2020년 1월 1일,"복도,계단",05,3.3kg,월,100,PK02AT022005,2005,20,2005,,교통시설팀,내손제1주차장,,0,내손제1주차장 건축설비,PK,PK02,02,AT,02,,,시작 전,,
PK02AT042001,건축설비,건축실외(비고정물),유도등,2020년 1월 1일,"복도,계단",01,20*15-*3.4,월,200,PK02AT042001,2001,20,2001,,교통시설팀,내손제1주차장,,0,내손제1주차장 건축설비,PK,PK02,02,AT,04,,,시작 전,,
PK02AT040810,건축설비,건축실외(비고정물),가압송수장치,2008년 2월 8일,기계실,10,엔진펌프,월,1,PK02AT040810,0810,08,0810,,교통시설팀,내손제1주차장,,0,내손제1주차장 건축설비,PK,PK02,02,AT,04,,,시작 전,,
PK02AT010810,건축설비,건축실내(고정물),분말소화기,2008년 2월 8일,주차장,10,3.3,월,10,PK02AT010810,0810,08,0810,,교통시설팀,내손제1주차장,,0,내손제1주차장 건축설비,PK,PK02,02,AT,01,,,시작 전,,
PK02AT042201,건축설비,건축실외(비고정물),소방설비 보수공사,2022년 5월 9일,내손,01,,수시,1,PK02AT042201,2201,22,2201,,교통시설팀,내손제1주차장,,,내손제1주차장 건축설비,PK,PK02,02,AT,04,,,시작 전,,
PK02CS062201,공조설비,급기팬(환기용),스프링쿨러,2022년 12월 9일,내손1.3,01,,수시,1,PK02CS062201,2201,22,2201,,교통시설팀,내손제1주차장,,,내손제1주차장 공조설비,PK,PK02,02,CS,06,,,시작 전,,
PK02EL041020,전기설비,전기설비(기타),관제설비,2010년 1월 1일,입출구,20,SET,수시,1,PK02EL041020,1020,10,1020,,교통시설팀,내손제1주차장,,0,내손제1주차장 전기설비,PK,PK02,02,EL,04,,,시작 전,,
PK02EV012201,승강설비,승강기,보수공사,2022년 7월 13일,내손,01,,수시,1,PK02EV012201,2201,22,2201,,교통시설팀,내손제1주차장,,,내손제1주차장 승강설비,PK,PK02,02,EV,01,,,시작 전,,
PK02PA012201,미분류설비,미등록설비,주차안내판,2022년 8월 16일,내손1.2.3.4.,01,1200*800,수시,1,PK02PA012201,2201,22,2201,,교통시설팀,내손제1주차장,,0,내손제1주차장 미분류설비,PK,PK02,02,PA,01,,,시작 전,,
PK02SF162201,소화설비,경보설비,정화조청소,2022년 12월 13일,내손1,01,,수시,1,PK02SF162201,2201,22,2201,,교통시설팀,내손제1주차장,,,내손제1주차장 소화설비,PK,PK02,02,SF,16,,,시작 전,,
PK02SF052201,소화설비,소화기,보수공사,2022년 12월 22일,내손1,01,,수시,1,PK02SF052201,2201,22,2201,,교통시설팀,내손제1주차장,,,내손제1주차장 소화설비,PK,PK02,02,SF,05,,,시작 전,,
PK02SF202203,소화설비,유도등,led등 구입,2022년 12월 1일,내손1,03,0,수시,75,PK02SF202203,2203,22,2203,,교통시설팀,내손제1주차장,,0,내손제1주차장 소화설비,PK,PK02,02,SF,20,,,시작 전,,
PK02SF012201,소화설비,소화펌프,함 구입,2022년 3월 28일,공영주차장,01,,수시,7,PK02SF012201,2201,22,2201,,교통시설팀,내손제1주차장,,,내손제1주차장 소화설비,PK,PK02,02,SF,01,,,시작 전,,
PK02SF052201,소화설비,소화기,소화기구입,2022년 6월 7일,공영주차장,01,,수시,48,PK02SF052201,2201,22,2201,,교통시설팀,내손제1주차장,,,내손제1주차장 소화설비,PK,PK02,02,SF,05,,,시작 전,,
PK02SF272201,소화설비,소방설비(기타),종량제봉투구입,2022년 8월 25일,공영주차장,01,,수시,440,PK02SF272201,2201,22,2201,,교통시설팀,내손제1주차장,,,내손제1주차장 소화설비,PK,PK02,02,SF,27,,,시작 전,,
PK02SF092201,소화설비,스프링클러 헤드,종량제봉투구입,2022년 11월 14일,공영주차장,01,,수시,400,PK02SF092201,2201,22,2201,,교통시설팀,내손제1주차장,,,내손제1주차장 소화설비,PK,PK02,02,SF,09,,,시작 전,,
PK02SF052301,소화설비,소화기,수선물품구,2023년 4월 14일,내손1,01,,년,19,PK02SF052301,2301,23,2301,,교통시설팀,내손제1주차장,,,내손제1주차장 소화설비,PK,PK02,02,SF,05,,,시작 전,,
PK02WT092201,수처리설비,수처리설비(기타),종량제봉투구입,2022년 2월 28일,공영주차장,01,,수시,600,PK02WT092201,2201,22,2201,,교통시설팀,내손제1주차장,,,내손제1주차장 수처리설비,PK,PK02,02,WT,09,,,시작 전,,
PK03AT012201,건축설비,건축실내(고정물),인버터,2022년 9월 21일,내손2.,01,,수시,1,PK03AT012201,2201,22,2201,,교통시설팀,내손제2주차장,,,내손제2주차장 건축설비,PK,PK03,03,AT,01,,,시작 전,,
PK03AT010915,건축설비,건축실내(고정물),화재수신기,2009년 11월 11일,사무실,15,p형 1급 수신기,월,1,PK03AT010915,0915,09,0915,,교통시설팀,내손제2주차장,,0,내손제2주차장 건축설비,PK,PK03,03,AT,01,,,시작 전,,
PK03AT020915,건축설비,건축실내(비고정물),자동화재속보설비,2009년 11월 11일,사무실,15,1식,월,1,PK03AT020915,0915,09,0915,,교통시설팀,내손제2주차장,,0,내손제2주차장 건축설비,PK,PK03,03,AT,02,,,시작 전,,
PK03EV010915,승강설비,승강기,주펌프(내연기관),2009년 11월 11일,기계실,15,1식,월,1,PK03EV010915,0915,09,0915,,교통시설팀,내손제2주차장,,0,내손제2주차장 승강설비,PK,PK03,03,EV,01,,,시작 전,,
PK03PA010910,미분류설비,미등록설비,소방수조,2009년 11월 11일,기계실,10,30t,월,2,PK03PA010910,0910,09,0910,,교통시설팀,내손제2주차장,,0,내손제2주차장 미분류설비,PK,PK03,03,PA,01,,,시작 전,,
PK03SF130910,소화설비,화재수신기,충압펌프,2009년 11월 11일,기계실,10,1식,월,1,PK03SF130910,0910,09,0910,,교통시설팀,내손제2주차장,,0,내손제2주차장 소화설비,PK,PK03,03,SF,13,,,시작 전,,
PK03SF150910,소화설비,발신기,분말소화기,2009년 11월 11일,주차장,10,3.3,월,11,PK03SF150910,0910,09,0910,,교통시설팀,내손제2주차장,,0,내손제2주차장 소화설비,PK,PK03,03,SF,15,,,시작 전,,
PK03SF011020,소화설비,소화펌프,관제설비,2010년 1월 1일,입출구,20,SET,수시,1,PK03SF011020,1020,10,1020,,교통시설팀,내손제2주차장,,0,내손제2주차장 소화설비,PK,PK03,03,SF,01,,,시작 전,,
PK03SF012201,소화설비,소화펌프,앵글설치,2022년 4월 18일,내손2.,01,1500*3000,수시,1,PK03SF012201,2201,22,2201,,교통시설팀,내손제2주차장,,0,내손제2주차장 소화설비,PK,PK03,03,SF,01,,,시작 전,,
PK03SF052310,소화설비,소화기,led등 교체 공사,2023년 3월 6일,내손2,10,0,수시,64,PK03SF052310,2310,23,2310,,교통시설팀,내손제2주차장,,0,내손제2주차장 소화설비,PK,PK03,03,SF,05,,,시작 전,,
PK03WA022303,저수조설비,저수조설비,수성물품구,2023년 5월 2일,내손2,03,,년,20,PK03WA022303,2303,23,2303,,교통시설팀,내손제2주차장,,,내손제2주차장 저수조설비,PK,PK03,03,WA,02,,,시작 전,,
PK04AT021320,건축설비,건축실내(비고정물),배기펜,2013년 2월 8일,주차장 내,20,1식,월,1,PK04AT021320,1320,13,1320,,교통시설팀,내손제3주차장,,0,내손제3주차장 건축설비,PK,PK04,04,AT,02,,,시작 전,,
PK04AT021315,건축설비,건축실내(비고정물),순환팬,2013년 2월 8일,주차장내,15,246*690,수시,10,PK04AT021315,1315,13,1315,,교통시설팀,내손제3주차장,,0,내손제3주차장 건축설비,PK,PK04,04,AT,02,,,시작 전,,
PK04AT012210,건축설비,건축실내(고정물),보수공사,2022년 2월 11일,내손3,10,,수시,1,PK04AT012210,2210,22,2210,,교통시설팀,내손제3주차장,,,내손제3주차장 건축설비,PK,PK04,04,AT,01,,,시작 전,,
PK04AT012202,건축설비,건축실내(고정물),보수공사,2022년 3월 11일,내손3.4,02,0,수시,1,PK04AT012202,2202,22,2202,,교통시설팀,내손제3주차장,,0,내손제3주차장 건축설비,PK,PK04,04,AT,01,,,시작 전,,
PK04AT022203,건축설비,건축실내(비고정물),제어보드교체공사,2022년 6월 3일,내손3,03,,수시,1,PK04AT022203,2203,22,2203,,교통시설팀,내손제3주차장,,,내손제3주차장 건축설비,PK,PK04,04,AT,02,,,시작 전,,
PK04CS072202,공조설비,배기팬(환기용),메인보드교체,2022년 7월 14일,내손,02,,수시,1,PK04CS072202,2202,22,2202,,교통시설팀,내손제3주차장,,,내손제3주차장 공조설비,PK,PK04,04,CS,07,,,시작 전,,
PK04CS102305,공조설비,순환펌프,제어반 설치,2023년 3월 28일,내손3,05,,분기,2,PK04CS102305,2305,23,2305,,교통시설팀,내손제3주차장,,,내손제3주차장 공조설비,PK,PK04,04,CS,10,,,시작 전,,
PK04EC011315,제어설비,DDC판넬,화재수신기,2013년 2월 13일,사무실,15,p형 1급 수신기,월,1,PK04EC011315,1315,13,1315,,교통시설팀,내손제3주차장,,0,내손제3주차장 제어설비,PK,PK04,04,EC,01,,,시작 전,,
PK04EV011315,승강설비,승강기,자동화재속보설비,2013년 2월 13일,사무실,15,1식,수시,1,PK04EV011315,1315,13,1315,,교통시설팀,내손제3주차장,,0,내손제3주차장 승강설비,PK,PK04,04,EV,01,,,시작 전,,
PK04EV011320,승강설비,승강기,주펌프(내연기관),2013년 2월 8일,기계실,20,펌프시설 1식,월,1,PK04EV011320,1320,13,1320,,교통시설팀,내손제3주차장,,0,내손제3주차장 승강설비,PK,PK04,04,EV,01,,,시작 전,,
PK04EV011310,승강설비,승강기,소방수조,2013년 2월 8일,기계실,10,29ton,월,1,PK04EV011310,1310,13,1310,,교통시설팀,내손제3주차장,,0,내손제3주차장 승강설비,PK,PK04,04,EV,01,,,시작 전,,
PK04EV011310,승강설비,승강기,압력탱크,2013년 2월 8일,기계실,10,1MPa 이하,월,1,PK04EV011310,1310,13,1310,,교통시설팀,내손제3주차장,,0,내손제3주차장 승강설비,PK,PK04,04,EV,01,,,시작 전,,
PK04PA011310,미분류설비,미등록설비,분말소화기,2013년 2월 8일,주차장,10,3.3,월,31,PK04PA011310,1310,13,1310,,교통시설팀,내손제3주차장,,0,내손제3주차장 미분류설비,PK,PK04,04,PA,01,,,시작 전,,
PK04SF131315,소화설비,화재수신기,배수펌프,2013년 2월 8일,기계실,15,1.0*1.0,수시,2,PK04SF131315,1315,13,1315,,교통시설팀,내손제3주차장,,0,내손제3주차장 소화설비,PK,PK04,04,SF,13,,,시작 전,,
PK04SF151020,소화설비,발신기,관제설비,2010년 1월 1일,입출구,20,SET,수시,1,PK04SF151020,1020,10,1020,,교통시설팀,내손제3주차장,,0,내손제3주차장 소화설비,PK,PK04,04,SF,15,,,시작 전,,
PK04SF012201,소화설비,소화펌프,습식청소기 수리,2022년 7월 11일,내손,01,,수시,1,PK04SF012201,2201,22,2201,,교통시설팀,내손제3주차장,,,내손제3주차장 소화설비,PK,PK04,04,SF,01,,,시작 전,,
PK04SF012201,소화설비,소화펌프,환경정비,2022년 9월 27일,내손3,01,,수시,1,PK04SF012201,2201,22,2201,,교통시설팀,내손제3주차장,,,내손제3주차장 소화설비,PK,PK04,04,SF,01,,,시작 전,,
PK04SF052201,소화설비,소화기,보수공사,2022년 10월 27일,내손3,01,,수시,1,PK04SF052201,2201,22,2201,,교통시설팀,내손제3주차장,,,내손제3주차장 소화설비,PK,PK04,04,SF,05,,,시작 전,,
PK04WA022201,저수조설비,저수조설비,환경개선공사,2022년 11월 30일,내손3,01,,수시,1,PK04WA022201,2201,22,2201,,교통시설팀,내손제3주차장,,,내손제3주차장 저수조설비,PK,PK04,04,WA,02,,,시작 전,,
PK04WT072301,수처리설비,배수펌프,수선물품구입,2023년 2월 3일,내손3,01,,년,11,PK04WT072301,2301,23,2301,,교통시설팀,내손제3주차장,,,내손제3주차장 수처리설비,PK,PK04,04,WT,07,,,시작 전,,
PK05AT012303,건축설비,건축실내(고정물),도어 인버터보드,2023년 1월 31일,내손4,03,HIDC-N,수시,1,PK05AT012303,2303,23,2303,,교통시설팀,내손제4주차장,,0,내손제4주차장 건축설비,PK,PK05,05,AT,01,,,시작 전,,
PK05EV011310,승강설비,승강기,분말소화기,2013년 3월 25일,주차장,10,3.3,월,6,PK05EV011310,1310,13,1310,,교통시설팀,내손제4주차장,,0,내손제4주차장 승강설비,PK,PK05,05,EV,01,,,시작 전,,
PK05PA011020,미분류설비,미등록설비,관제설비,2010년 1월 1일,입출구,20,SET,수시,1,PK05PA011020,1020,10,1020,,교통시설팀,내손제4주차장,,0,내손제4주차장 미분류설비,PK,PK05,05,PA,01,,,시작 전,,
PK05SF052301,소화설비,소화기,정수기 유지관리,2023년 1월 25일,내손4,01,0,월,1,PK05SF052301,2301,23,2301,,교통시설팀,내손제4주차장,,0,내손제4주차장 소화설비,PK,PK05,05,SF,05,,,시작 전,,
PK06AT032310,건축설비,건축실외(고정물),화재수신기  교체,2023년 3월 13일,내손체육공원주차빌딩,10,,분기,1,PK06AT032310,2310,23,2310,,교통시설팀,내손주차빌딩,,,내손주차빌딩 건축설비,PK,PK06,06,AT,03,,,시작 전,,
PK06AT020110,건축설비,건축실내(비고정물),분말소화기,2001년 9월 27일,주차장,10,3.3,월,17,PK06AT020110,0110,01,0110,,교통시설팀,내손주차빌딩,,0,내손주차빌딩 건축설비,PK,PK06,06,AT,02,,,시작 전,,
PK06PA010120,미분류설비,미등록설비,이산화탄소소화설비,2001년 9월 27일,주차장,20,45kg*2,월,20,PK06PA010120,0120,01,0120,,교통시설팀,내손주차빌딩,,0,내손주차빌딩 미분류설비,PK,PK06,06,PA,01,,,시작 전,,
PK06SF131020,소화설비,화재수신기,관제설비,2010년 1월 1일,입출구,20,SET,수시,1,PK06SF131020,1020,10,1020,,교통시설팀,내손주차빌딩,,0,내손주차빌딩 소화설비,PK,PK06,06,SF,13,,,시작 전,,
PK06SF052201,소화설비,소화기,무인정산기 led교체,2022년 4월 11일,추차타워,01,,수시,1,PK06SF052201,2201,22,2201,,교통시설팀,내손주차빌딩,,,내손주차빌딩 소화설비,PK,PK06,06,SF,05,,,시작 전,,
PK06SF072301,소화설비,CO2호스필 설비,수선물품구,2023년 3월 23일,주차빌딩,01,,년,23,PK06SF072301,2301,23,2301,,교통시설팀,내손주차빌딩,,,내손주차빌딩 소화설비,PK,PK06,06,SF,07,,,시작 전,,
PK07AT012201,건축설비,건축실내(고정물),스프링쿨러,2022년 9월 1일,의왕역,01,0,수시,28,PK07AT012201,2201,22,2201,,교통시설팀,의왕역 환승주차장,,0,의왕역 환승주차장 건축설비,PK,PK07,07,AT,01,,,시작 전,,
PK07AT012301,건축설비,건축실내(고정물),화재감지기 교체공사,2023년 7월 24일,의왕역,01,,수시,1,PK07AT012301,2301,23,2301,,교통시설팀,의왕역 환승주차장,,,의왕역 환승주차장 건축설비,PK,PK07,07,AT,01,,,시작 전,,
PK07AT012020,건축설비,건축실내(고정물),관제시설,2020년 2월 1일,입출구,20,SET,수시,1,PK07AT012020,2020,20,2020,,교통시설팀,의왕역 환승주차장,,0,의왕역 환승주차장 건축설비,PK,PK07,07,AT,01,,,시작 전,,
PK07AT022201,건축설비,건축실내(비고정물),보수공사,2022년 9월 23일,의왕역,01,,수시,1,PK07AT022201,2201,22,2201,,교통시설팀,의왕역 환승주차장,,,의왕역 환승주차장 건축설비,PK,PK07,07,AT,02,,,시작 전,,
PK07AT022201,건축설비,건축실내(비고정물),시설물개설공사,2022년 10월 4일,의왕역,01,,수시,1,PK07AT022201,2201,22,2201,,교통시설팀,의왕역 환승주차장,,,의왕역 환승주차장 건축설비,PK,PK07,07,AT,02,,,시작 전,,
PK07EV012201,승강설비,승강기,보수공사,2022년 11월 22일,의왕역,01,,수시,1,PK07EV012201,2201,22,2201,,교통시설팀,의왕역 환승주차장,,,의왕역 환승주차장 승강설비,PK,PK07,07,EV,01,,,시작 전,,
PK07PA012201,미분류설비,미등록설비,통함관제시스템,2022년 12월 9일,의왕역,01,,수시,1,PK07PA012201,2201,22,2201,,교통시설팀,의왕역 환승주차장,,,의왕역 환승주차장 미분류설비,PK,PK07,07,PA,01,,,시작 전,,
PK07PA052201,미분류설비,미등록설비,앵글설치,2022년 4월 8일,의왕역,01,1500*3000,수시,1,PK07PA052201,2201,22,2201,,교통시설팀,의왕역 환승주차장,,0,의왕역 환승주차장 미분류설비,PK,PK07,07,PA,05,,,시작 전,,
PK07SF092302,소화설비,스프링클러 헤드,수선물품구입,2023년 2월 23일,의왕역공영주차장,02,,년,4,PK07SF092302,2302,23,2302,,교통시설팀,의왕역 환승주차장,,,의왕역 환승주차장 소화설비,PK,PK07,07,SF,09,,,시작 전,,
PK07SF142302,소화설비,감지기,수선용품 구입,2023년 6월 28일,의왕역,02,,년,50,PK07SF142302,2302,23,2302,,교통시설팀,의왕역 환승주차장,,,의왕역 환승주차장 소화설비,PK,PK07,07,SF,14,,,시작 전,,
PK08AT022301,건축설비,건축실내(비고정물),수선물품 구입,2023년 7월 31일,갈미,01,,년,2,PK08AT022301,2301,23,2301,,교통시설팀,갈미어린이주차장,,,갈미어린이주차장 건축설비,PK,PK08,08,AT,02,,,시작 전,,
PK09AT022310,건축설비,건축실내(비고정물),주차장 전기분리 공,2023년 5월 31일,산빛근린공원주차장,10,,년,1,PK09AT022310,2310,23,2310,,교통시설팀,산빛주차장,,,산빛주차장 건축설비,PK,PK09,09,AT,02,,,시작 전,,
PK09EL012330,전기설비,수변전설비,보수공사,2023년 3월 1일,산빛근린공원,30,,월,1,PK09EL012330,2330,23,2330,,교통시설팀,산빛주차장,,,산빛주차장 전기설비,PK,PK09,09,EL,01,,,시작 전,,
PK09EV022310,승강설비,미등록설비,소화기함 구입,2023년 3월 27일,산빛주차장,10,,년,30,PK09EV022310,2310,23,2310,,교통시설팀,산빛주차장,,,산빛주차장 승강설비,PK,PK09,09,EV,02,,,시작 전,,
PK09SF012301,소화설비,소화펌프,수선물품 구입,2023년 7월 28일,산빛,01,,년,10,PK09SF012301,2301,23,2301,,교통시설팀,산빛주차장,,,산빛주차장 소화설비,PK,PK09,09,SF,01,,,시작 전,,
PK10AT012305,건축설비,건축실내(고정물),소방지적사항 개선공사,2023년 4월 14일,백운커뮤니티,05,,수시,1,PK10AT012305,2305,23,2305,,교통시설팀,백운커뮤니티센터 주차장,,,백운커뮤니티센터 주차장 건축설비,PK,PK10,10,AT,01,,,시작 전,,
PK10SF272305,소화설비,소방설비(기타),소방프리액션밸브교체,2023년 7월 5일,커뮤니티주차타워,05,,년,1,PK10SF272305,2305,23,2305,,교통시설팀,백운커뮤니티센터 주차장,,,백운커뮤니티센터 주차장 소화설비,PK,PK10,10,SF,27,,,시작 전,,
PK10SF112305,소화설비,프리액션밸브,배관공,2023년 3월 6일,백운커뮤니티센터,05,,년,10,PK10SF112305,2305,23,2305,,교통시설팀,백운커뮤니티센터 주차장,,,백운커뮤니티센터 주차장 소화설비,PK,PK10,10,SF,11,,,시작 전,,
PK10WT092201,수처리설비,수처리설비(기타),조명등,2022년 7월 22일,추차타워,01,,수시,1,PK10WT092201,2201,22,2201,,교통시설팀,백운커뮤니티센터 주차장,,,백운커뮤니티센터 주차장 수처리설비,PK,PK10,10,WT,09,,,시작 전,,
PK11AT012110,건축설비,건축실내(고정물),보일러,2021년 8월 23일,관리동,10,0,수시,1,PK11AT012110,2110,21,2110,,교통시설팀,미등록시설,,0,미등록시설 건축설비,PK,PK11,11,AT,01,,,시작 전,,
PK11BO012100,열원설비,보일러,"관리동,주차부지",2021년 8월 23일,화물공영차고지,00,,수시,1,PK11BO012100,2100,21,2100,,교통시설팀,미등록시설,,,미등록시설 열원설비,PK,PK11,11,BO,01,,,시작 전,,
PK12AT021010,건축설비,건축실내(비고정물),관제설비,2010년 1월 1일,입출구,10,SET,수시,1,PK12AT021010,1010,10,1010,,교통시설팀,미등록시설,,,미등록시설 건축설비,PK,PK12,12,AT,02,,,시작 전,,
PK12PA011508,미분류설비,미등록설비,교통약자 특별교통수단,2015년 4월 1일,월암공영차고지,08,0,년,14,PK12PA011508,1508,15,1508,,교통시설팀,미등록시설,,0,미등록시설 미분류설비,PK,PK12,12,PA,01,,,시작 전,,
PK13AT031020,건축설비,건축실외(고정물),관제설비,2010년 1월 1일,입출구,20,SET,수시,2,PK13AT031020,1020,10,1020,,교통시설팀,미등록시설,,0,미등록시설 건축설비,PK,PK13,13,AT,03,,,시작 전,,
PK13AT032201,건축설비,건축실외(고정물),제방주차장 포장공사,2022년 2월 17일,제방주차장,01,,수시,1,PK13AT032201,2201,22,2201,,교통시설팀,미등록시설,,,미등록시설 건축설비,PK,PK13,13,AT,03,,,시작 전,,
PK13AT032201,건축설비,건축실외(고정물),계단보수공사,2022년 5월 2일,제방,01,0,수시,1,PK13AT032201,2201,22,2201,,교통시설팀,미등록시설,,0,미등록시설 건축설비,PK,PK13,13,AT,03,,,시작 전,,
PK13AT032201,건축설비,건축실외(고정물),차단바 교체,2022년 7월 21일,제방,01,3m,수시,1,PK13AT032201,2201,22,2201,,교통시설팀,미등록시설,,0,미등록시설 건축설비,PK,PK13,13,AT,03,,,시작 전,,
PK13AT032303,건축설비,건축실외(고정물),백운제방주차장 콘테이너 보수공,2023년 7월 6일,제방주차장,03,,년,1,PK13AT032303,2303,23,2303,,교통시설팀,미등록시설,,,미등록시설 건축설비,PK,PK13,13,AT,03,,,시작 전,,
PK13EL102305,전기설비,미등록설비,주차장 외등 보수공사,2023년 7월 21일,제방주차장,05,,년,1,PK13EL102305,2305,23,2305,,교통시설팀,미등록시설,,,미등록시설 전기설비,PK,PK13,13,EL,10,,,시작 전,,
PK13PA012305,미분류설비,미등록설비,제방주차장 전선 및 선정비,2023년 8월 3일,제방주차장,05,,수시,1,PK13PA012305,2305,23,2305,,교통시설팀,미등록시설,,,미등록시설 미분류설비,PK,PK13,13,PA,01,,,시작 전,,
PK14AT031020,건축설비,건축실외(고정물),관재설비,2010년 1월 1일,입출구,20,SET,수시,1,PK14AT031020,1020,10,1020,,교통시설팀,미등록시설,,0,미등록시설 건축설비,PK,PK14,14,AT,03,,,시작 전,,
PK14CS032201,공조설비,EHP,통신 및 전기라인공사,2022년 6월 20일,교각,01,,수시,1,PK14CS032201,2201,22,2201,,교통시설팀,미등록시설,,,미등록시설 공조설비,PK,PK14,14,CS,03,,,시작 전,,
PK14EL042305,전기설비,전기설비(기타),화장실 오수 배관공사,2023년 3월 3일,백운교각주차장,05,,분기,1,PK14EL042305,2305,23,2305,,교통시설팀,미등록시설,,,미등록시설 전기설비,PK,PK14,14,EL,04,,,시작 전,,
PK14PA012303,미분류설비,미등록설비,냉난기 점검 및 교체,2023년 5월 4일,교각주차장,03,,년,3,PK14PA012303,2303,23,2303,,교통시설팀,미등록시설,,,미등록시설 미분류설비,PK,PK14,14,PA,01,,,시작 전,,
PK14WT092305,수처리설비,수처리설비(기타),주차장 카스토퍼교체공,2023년 7월 5일,교각,05,,년,12,PK14WT092305,2305,23,2305,,교통시설팀,미등록시설,,,미등록시설 수처리설비,PK,PK14,14,WT,09,,,시작 전,,
PK15AT012201,건축설비,건축실내(고정물),보수공사,2022년 5월 11일,포일,01,,수시,2,PK15AT012201,2201,22,2201,,교통시설팀,미등록시설,,,미등록시설 건축설비,PK,PK15,15,AT,01,,,시작 전,,
PK15AT012201,건축설비,건축실내(고정물),루프코일 공사,2022년 7월 6일,포일,01,,수시,1,PK15AT012201,2201,22,2201,,교통시설팀,미등록시설,,,미등록시설 건축설비,PK,PK15,15,AT,01,,,시작 전,,
PK15AT032301,건축설비,건축실외(고정물),주차장 입구 노명 보수 공사,2023년 7월 19일,포일LH,01,,년,1,PK15AT032301,2301,23,2301,,교통시설팀,미등록시설,,,미등록시설 건축설비,PK,PK15,15,AT,03,,,시작 전,,
PK16AT031020,건축설비,건축실외(고정물),관제설비,2010년 1월 1일,입출구,20,SET,수시,2,PK16AT031020,1020,10,1020,,교통시설팀,미등록시설,,0,미등록시설 건축설비,PK,PK16,16,AT,03,,,시작 전,,
PK16AT032303,건축설비,건축실외(고정물),블럭교체공,2023년 5월 26일,왕송호수공원주차장,03,,분기,50,PK16AT032303,2303,23,2303,,교통시설팀,미등록시설,,,미등록시설 건축설비,PK,PK16,16,AT,03,,,시작 전,,
PK16PA012303,미분류설비,미등록설비,과속방지턱 구,2023년 4월 7일,자연학습공원,03,,년,5,PK16PA012303,2303,23,2303,,교통시설팀,미등록시설,,,미등록시설 미분류설비,PK,PK16,16,PA,01,,,시작 전,,
PK17AT011020,건축설비,건축실내(고정물),관제설비,2010년 1월 1일,입출구,20,SET,수시,1,PK17AT011020,1020,10,1020,,교통시설팀,미등록시설,,0,미등록시설 건축설비,PK,PK17,17,AT,01,,,시작 전,,
PK17PA012201,미분류설비,미등록설비,관제장비,2022년 8월 8일,고가,01,,수시,1,PK17PA012201,2201,22,2201,,교통시설팀,미등록시설,,,미등록시설 미분류설비,PK,PK17,17,PA,01,,,시작 전,,
PK17PA012301,미분류설비,미등록설비,수선물품 구,2023년 5월 23일,왕송고가,01,,년,12,PK17PA012301,2301,23,2301,,교통시설팀,미등록시설,,,미등록시설 미분류설비,PK,PK17,17,PA,01,,,시작 전,,
PK18PA011020,미분류설비,미등록설비,관제설비,2010년 1월 1일,입출구,20,SET,수시,1,PK18PA011020,1020,10,1020,,교통시설팀,미등록시설,,0,미등록시설 미분류설비,PK,PK18,18,PA,01,,,시작 전,,
PK19PA011010,미분류설비,미등록설비,관제설비,2010년 1월 1일,입출구,10,SET,수시,1,PK19PA011010,1010,10,1010,,교통시설팀,미등록시설,,,미등록시설 미분류설비,PK,PK19,19,PA,01,,,시작 전,,
,미분류설비,,,,,,,,,,,,,,국민체육센터팀,,,,,,,,,,,,시작 전,,
20200300100003920200317120119704,미분류설비,,,,,,,,,,,,,,국민체육센터팀,,,,,,,,,,,,시작 전,,
20200300100003920200317120119704,미분류설비,,,,,,,,,,,,,,국민체육센터팀,,,,,,,,,,,,시작 전,,
,미분류설비,,,,,,,,,,,,,,부곡스포츠센터팀,,,,,,,,,,,,시작 전,,
,미분류설비,,,,,,,,,,,,,,부곡스포츠센터팀,,,,,,,,,,,,시작 전,,